query_id,role_id,steps_m,raw_losses_db,adjacent_raw_deltas_db,complete,stable_visibility_cap,eligibility,tolerance_db,scene_id
sha256:00163feabcbfad002d66914e508f0bb370a645710a60720946c9bc4808262c1a,m3_current_single_edge_v1,"[10.0, 5.0, 2.5]","[null, null, null]","[null, null]",False,True,unavailable,0.1,double_ridge
sha256:00163feabcbfad002d66914e508f0bb370a645710a60720946c9bc4808262c1a,reference_multi_edge_deygout_v1,"[10.0, 5.0, 2.5]","[null, null, null]","[null, null]",False,True,unavailable,0.1,double_ridge
sha256:00163feabcbfad002d66914e508f0bb370a645710a60720946c9bc4808262c1a,sky_horizon_outline_v1,"[10.0, 5.0, 2.5]","[null, null, null]","[null, null]",False,True,not_attenuation_reference,0.1,double_ridge
sha256:008f1f6e4dd51f95983413ab0d53f91c4ece011bbf19cc7ba1b8bccb3599de16,m3_current_single_edge_v1,"[30.0, 15.0, 7.5]","[0.0, 0.0, 0.0]","[0.0, 0.0]",True,True,eligible_within_tested_discretization,0.1,qinling_foothill
sha256:008f1f6e4dd51f95983413ab0d53f91c4ece011bbf19cc7ba1b8bccb3599de16,reference_multi_edge_deygout_v1,"[30.0, 15.0, 7.5]","[0.0, 0.0, 0.0]","[0.0, 0.0]",True,True,eligible_within_tested_discretization,0.1,qinling_foothill
sha256:008f1f6e4dd51f95983413ab0d53f91c4ece011bbf19cc7ba1b8bccb3599de16,sky_horizon_outline_v1,"[30.0, 15.0, 7.5]","[null, null, null]","[null, null]",True,True,not_attenuation_reference,0.1,qinling_foothill
sha256:034aca24e7361135169f1e0e08ae068b2cd85acde03a5b1a17c1c58a9f1e03ca,m3_current_single_edge_v1,"[30.0, 15.0, 7.5]","[42.590485148566714, 42.590485148566714, 42.590485148566714]","[0.0, 0.0]",True,True,eligible_within_tested_discretization,0.1,qinling_mountain
sha256:034aca24e7361135169f1e0e08ae068b2cd85acde03a5b1a17c1c58a9f1e03ca,reference_multi_edge_deygout_v1,"[30.0, 15.0, 7.5]","[69.57842637930352, 69.57842637930352, 69.57842637930352]","[0.0, 0.0]",True,True,eligible_within_tested_discretization,0.1,qinling_mountain
sha256:034aca24e7361135169f1e0e08ae068b2cd85acde03a5b1a17c1c58a9f1e03ca,sky_horizon_outline_v1,"[30.0, 15.0, 7.5]","[null, null, null]","[null, null]",True,True,not_attenuation_reference,0.1,qinling_mountain
sha256:043c034bbc1d52dad54a58d90e6cd23e2d6688bb015918e47162e3161ec1358f,m3_current_single_edge_v1,"[10.0, 5.0, 2.5]","[0.0, 0.0, 0.0]","[0.0, 0.0]",True,True,eligible_within_tested_discretization,0.1,single_ridge
sha256:043c034bbc1d52dad54a58d90e6cd23e2d6688bb015918e47162e3161ec1358f,reference_multi_edge_deygout_v1,"[10.0, 5.0, 2.5]","[0.0, 0.0, 0.0]","[0.0, 0.0]",True,True,eligible_within_tested_discretization,0.1,single_ridge
sha256:043c034bbc1d52dad54a58d90e6cd23e2d6688bb015918e47162e3161ec1358f,sky_horizon_outline_v1,"[10.0, 5.0, 2.5]","[null, null, null]","[null, null]",True,True,not_attenuation_reference,0.1,single_ridge
sha256:04a03d6acf87b66373ae7b0eede67728224e8656e0763a389b971a59a7a0446b,m3_current_single_edge_v1,"[30.0, 15.0, 7.5]","[0.0, 0.0, 0.0]","[0.0, 0.0]",True,True,eligible_within_tested_discretization,0.1,xian_city
sha256:04a03d6acf87b66373ae7b0eede67728224e8656e0763a389b971a59a7a0446b,reference_multi_edge_deygout_v1,"[30.0, 15.0, 7.5]","[0.0, 0.0, 0.0]","[0.0, 0.0]",True,True,eligible_within_tested_discretization,0.1,xian_city
sha256:04a03d6acf87b66373ae7b0eede67728224e8656e0763a389b971a59a7a0446b,sky_horizon_outline_v1,"[30.0, 15.0, 7.5]","[null, null, null]","[null, null]",True,True,not_attenuation_reference,0.1,xian_city
sha256:04a7f49fb8641045751f8dca027fa05bdd306faec5776fb3208bc3753d04907c,m3_current_single_edge_v1,"[10.0, 5.0, 2.5]","[0.0, 0.0, 0.0]","[0.0, 0.0]",True,True,eligible_within_tested_discretization,0.1,flat
sha256:04a7f49fb8641045751f8dca027fa05bdd306faec5776fb3208bc3753d04907c,reference_multi_edge_deygout_v1,"[10.0, 5.0, 2.5]","[0.0, 0.0, 0.0]","[0.0, 0.0]",True,True,eligible_within_tested_discretization,0.1,flat
sha256:04a7f49fb8641045751f8dca027fa05bdd306faec5776fb3208bc3753d04907c,sky_horizon_outline_v1,"[10.0, 5.0, 2.5]","[null, null, null]","[null, null]",True,True,not_attenuation_reference,0.1,flat
sha256:0505a07304631e061426b6a0021245eaf1dffd4552e95eb6c078c2a9a0eb4b81,m3_current_single_edge_v1,"[10.0, 5.0, 2.5]","[0.0, 0.0, 0.0]","[0.0, 0.0]",True,True,eligible_within_tested_discretization,0.1,terrace
sha256:0505a07304631e061426b6a0021245eaf1dffd4552e95eb6c078c2a9a0eb4b81,reference_multi_edge_deygout_v1,"[10.0, 5.0, 2.5]","[0.0, 0.0, 0.0]","[0.0, 0.0]",True,True,eligible_within_tested_discretization,0.1,terrace
sha256:0505a07304631e061426b6a0021245eaf1dffd4552e95eb6c078c2a9a0eb4b81,sky_horizon_outline_v1,"[10.0, 5.0, 2.5]","[null, null, null]","[null, null]",True,True,not_attenuation_reference,0.1,terrace
sha256:0617c70121fe4fc589d0c23bf0426905ad0551a17f39e56e23fbca2df8a089ae,m3_current_single_edge_v1,"[30.0, 15.0, 7.5]","[44.41546565859445, 44.41546565859445, 44.41546565859445]","[0.0, 0.0]",True,True,eligible_within_tested_discretization,0.1,qinling_foothill
sha256:0617c70121fe4fc589d0c23bf0426905ad0551a17f39e56e23fbca2df8a089ae,reference_multi_edge_deygout_v1,"[30.0, 15.0, 7.5]","[44.41546565859445, 44.41546565859445, 44.41546565859445]","[0.0, 0.0]",True,True,eligible_within_tested_discretization,0.1,qinling_foothill
sha256:0617c70121fe4fc589d0c23bf0426905ad0551a17f39e56e23fbca2df8a089ae,sky_horizon_outline_v1,"[30.0, 15.0, 7.5]","[null, null, null]","[null, null]",True,True,not_attenuation_reference,0.1,qinling_foothill
sha256:06a32144ff17571458e00afc5c2409b0eeeb11831fe2a828ee7dff2d5a41a7ed,m3_current_single_edge_v1,"[10.0, 5.0, 2.5]","[0.0, 0.0, 0.0]","[0.0, 0.0]",True,True,eligible_within_tested_discretization,0.1,flat
sha256:06a32144ff17571458e00afc5c2409b0eeeb11831fe2a828ee7dff2d5a41a7ed,reference_multi_edge_deygout_v1,"[10.0, 5.0, 2.5]","[0.0, 0.0, 0.0]","[0.0, 0.0]",True,True,eligible_within_tested_discretization,0.1,flat
sha256:06a32144ff17571458e00afc5c2409b0eeeb11831fe2a828ee7dff2d5a41a7ed,sky_horizon_outline_v1,"[10.0, 5.0, 2.5]","[null, null, null]","[null, null]",True,True,not_attenuation_reference,0.1,flat
sha256:0704520b2832218eec3a32b2eb27215577af9fd0ac157cc188ca2191590136a3,m3_current_single_edge_v1,"[10.0, 5.0, 2.5]","[null, null, null]","[null, null]",False,True,unavailable,0.1,double_ridge
sha256:0704520b2832218eec3a32b2eb27215577af9fd0ac157cc188ca2191590136a3,reference_multi_edge_deygout_v1,"[10.0, 5.0, 2.5]","[null, null, null]","[null, null]",False,True,unavailable,0.1,double_ridge
sha256:0704520b2832218eec3a32b2eb27215577af9fd0ac157cc188ca2191590136a3,sky_horizon_outline_v1,"[10.0, 5.0, 2.5]","[null, null, null]","[null, null]",False,True,not_attenuation_reference,0.1,double_ridge
sha256:0732b2464d97859828dcff45ec31c97f7207b0faa37779e9331b28ee71865732,m3_current_single_edge_v1,"[30.0, 15.0, 7.5]","[0.0, 0.0, 0.0]","[0.0, 0.0]",True,True,eligible_within_tested_discretization,0.1,qinling_foothill
sha256:0732b2464d97859828dcff45ec31c97f7207b0faa37779e9331b28ee71865732,reference_multi_edge_deygout_v1,"[30.0, 15.0, 7.5]","[0.0, 0.0, 0.0]","[0.0, 0.0]",True,True,eligible_within_tested_discretization,0.1,qinling_foothill
sha256:0732b2464d97859828dcff45ec31c97f7207b0faa37779e9331b28ee71865732,sky_horizon_outline_v1,"[30.0, 15.0, 7.5]","[null, null, null]","[null, null]",True,True,not_attenuation_reference,0.1,qinling_foothill
sha256:075adb622d4f47f2c1f33abbcff8902224e05eff64a5600bd6000c0a5f5cdd6e,m3_current_single_edge_v1,"[10.0, 5.0, 2.5]","[0.0, 0.0, 0.0]","[0.0, 0.0]",True,True,eligible_within_tested_discretization,0.1,terrace
sha256:075adb622d4f47f2c1f33abbcff8902224e05eff64a5600bd6000c0a5f5cdd6e,reference_multi_edge_deygout_v1,"[10.0, 5.0, 2.5]","[0.0, 0.0, 0.0]","[0.0, 0.0]",True,True,eligible_within_tested_discretization,0.1,terrace
sha256:075adb622d4f47f2c1f33abbcff8902224e05eff64a5600bd6000c0a5f5cdd6e,sky_horizon_outline_v1,"[10.0, 5.0, 2.5]","[null, null, null]","[null, null]",True,True,not_attenuation_reference,0.1,terrace
sha256:07b5739862fe4c5a5b19e30d96b1b4e1dd0ad1f8ff567e893efce9c19059cb82,m3_current_single_edge_v1,"[30.0, 15.0, 7.5]","[0.0, 0.0, 0.0]","[0.0, 0.0]",True,True,eligible_within_tested_discretization,0.1,qinling_foothill
sha256:07b5739862fe4c5a5b19e30d96b1b4e1dd0ad1f8ff567e893efce9c19059cb82,reference_multi_edge_deygout_v1,"[30.0, 15.0, 7.5]","[0.0, 0.0, 0.0]","[0.0, 0.0]",True,True,eligible_within_tested_discretization,0.1,qinling_foothill
sha256:07b5739862fe4c5a5b19e30d96b1b4e1dd0ad1f8ff567e893efce9c19059cb82,sky_horizon_outline_v1,"[30.0, 15.0, 7.5]","[null, null, null]","[null, null]",True,True,not_attenuation_reference,0.1,qinling_foothill
sha256:07bf2ddfe5f9114551a58bab28bd5d65320296e17d43ffd2b33417ee9659e765,m3_current_single_edge_v1,"[10.0, 5.0, 2.5]","[47.65595843739297, 47.65595843739297, 47.65595843739297]","[0.0, 0.0]",True,True,eligible_within_tested_discretization,0.1,deep_ridge
sha256:07bf2ddfe5f9114551a58bab28bd5d65320296e17d43ffd2b33417ee9659e765,reference_multi_edge_deygout_v1,"[10.0, 5.0, 2.5]","[47.65595843739297, 47.65595843739297, 47.65595843739297]","[0.0, 0.0]",True,True,eligible_within_tested_discretization,0.1,deep_ridge
sha256:07bf2ddfe5f9114551a58bab28bd5d65320296e17d43ffd2b33417ee9659e765,sky_horizon_outline_v1,"[10.0, 5.0, 2.5]","[null, null, null]","[null, null]",True,True,not_attenuation_reference,0.1,deep_ridge
sha256:09c20be20474d1f6a53818ccd52dddddb480841911d1d9b517c64e552da94d41,m3_current_single_edge_v1,"[30.0, 15.0, 7.5]","[54.146485111578805, 54.146485111578805, 54.146485111578805]","[0.0, 0.0]",True,True,eligible_within_tested_discretization,0.1,qinling_mountain
sha256:09c20be20474d1f6a53818ccd52dddddb480841911d1d9b517c64e552da94d41,reference_multi_edge_deygout_v1,"[30.0, 15.0, 7.5]","[106.74439050889484, 107.64213352579361, 109.02135260516742]","[0.8977430168987723, 1.3792190793738115]",True,True,unverified,0.1,qinling_mountain
sha256:09c20be20474d1f6a53818ccd52dddddb480841911d1d9b517c64e552da94d41,sky_horizon_outline_v1,"[30.0, 15.0, 7.5]","[null, null, null]","[null, null]",True,True,not_attenuation_reference,0.1,qinling_mountain
sha256:0a17ff4168270be29202d53a22a8e74d2d8d76ef4d6efb2dc314b601f93dbabf,m3_current_single_edge_v1,"[10.0, 5.0, 2.5]","[0.0, 0.0, 0.0]","[0.0, 0.0]",True,True,eligible_within_tested_discretization,0.1,deep_ridge
sha256:0a17ff4168270be29202d53a22a8e74d2d8d76ef4d6efb2dc314b601f93dbabf,reference_multi_edge_deygout_v1,"[10.0, 5.0, 2.5]","[0.0, 0.0, 0.0]","[0.0, 0.0]",True,True,eligible_within_tested_discretization,0.1,deep_ridge
sha256:0a17ff4168270be29202d53a22a8e74d2d8d76ef4d6efb2dc314b601f93dbabf,sky_horizon_outline_v1,"[10.0, 5.0, 2.5]","[null, null, null]","[null, null]",True,True,not_attenuation_reference,0.1,deep_ridge
sha256:0a28075c92a1e4ec9c4fbe74ffb1f38fc2bf1db3cd2257f9d3cc5e898f8ff8ba,m3_current_single_edge_v1,"[10.0, 5.0, 2.5]","[null, null, null]","[null, null]",False,True,unavailable,0.1,double_ridge
sha256:0a28075c92a1e4ec9c4fbe74ffb1f38fc2bf1db3cd2257f9d3cc5e898f8ff8ba,reference_multi_edge_deygout_v1,"[10.0, 5.0, 2.5]","[null, null, null]","[null, null]",False,True,unavailable,0.1,double_ridge
sha256:0a28075c92a1e4ec9c4fbe74ffb1f38fc2bf1db3cd2257f9d3cc5e898f8ff8ba,sky_horizon_outline_v1,"[10.0, 5.0, 2.5]","[null, null, null]","[null, null]",False,True,not_attenuation_reference,0.1,double_ridge
sha256:0a47250311d23b44840b495faeeeeecf21902ce812d8f275478477ce219f5230,m3_current_single_edge_v1,"[10.0, 5.0, 2.5]","[0.0, 0.0, 0.0]","[0.0, 0.0]",True,True,eligible_within_tested_discretization,0.1,single_ridge
sha256:0a47250311d23b44840b495faeeeeecf21902ce812d8f275478477ce219f5230,reference_multi_edge_deygout_v1,"[10.0, 5.0, 2.5]","[0.0, 0.0, 0.0]","[0.0, 0.0]",True,True,eligible_within_tested_discretization,0.1,single_ridge
sha256:0a47250311d23b44840b495faeeeeecf21902ce812d8f275478477ce219f5230,sky_horizon_outline_v1,"[10.0, 5.0, 2.5]","[null, null, null]","[null, null]",True,True,not_attenuation_reference,0.1,single_ridge
sha256:0a624907a2aea6de5e0856664b9a76a7914bd2df6b2ba5bf8d1bd127d7d4a9bb,m3_current_single_edge_v1,"[30.0, 15.0, 7.5]","[0.0, 0.0, 0.0]","[0.0, 0.0]",True,True,eligible_within_tested_discretization,0.1,qinling_foothill
sha256:0a624907a2aea6de5e0856664b9a76a7914bd2df6b2ba5bf8d1bd127d7d4a9bb,reference_multi_edge_deygout_v1,"[30.0, 15.0, 7.5]","[0.0, 0.0, 0.0]","[0.0, 0.0]",True,True,eligible_within_tested_discretization,0.1,qinling_foothill
sha256:0a624907a2aea6de5e0856664b9a76a7914bd2df6b2ba5bf8d1bd127d7d4a9bb,sky_horizon_outline_v1,"[30.0, 15.0, 7.5]","[null, null, null]","[null, null]",True,True,not_attenuation_reference,0.1,qinling_foothill
sha256:0aaf2ddcc6497da0d5e8eae1201092cacb83e730242e4be816b6a8f13c8afe7e,m3_current_single_edge_v1,"[10.0, 5.0, 2.5]","[null, null, null]","[null, null]",False,True,unavailable,0.1,single_ridge
sha256:0aaf2ddcc6497da0d5e8eae1201092cacb83e730242e4be816b6a8f13c8afe7e,reference_multi_edge_deygout_v1,"[10.0, 5.0, 2.5]","[null, null, null]","[null, null]",False,True,unavailable,0.1,single_ridge
sha256:0aaf2ddcc6497da0d5e8eae1201092cacb83e730242e4be816b6a8f13c8afe7e,sky_horizon_outline_v1,"[10.0, 5.0, 2.5]","[null, null, null]","[null, null]",False,True,not_attenuation_reference,0.1,single_ridge
sha256:0bf8f706e98e7cb404ad095f2cfaf9e9241ce38ebf5edf29cf004023ac529fe2,m3_current_single_edge_v1,"[30.0, 15.0, 7.5]","[46.16773404935444, 46.16773404935444, 46.16773404935444]","[0.0, 0.0]",True,True,eligible_within_tested_discretization,0.1,qinling_foothill
sha256:0bf8f706e98e7cb404ad095f2cfaf9e9241ce38ebf5edf29cf004023ac529fe2,reference_multi_edge_deygout_v1,"[30.0, 15.0, 7.5]","[76.35085722947653, 76.35085722947653, 76.35085722947653]","[0.0, 0.0]",True,True,eligible_within_tested_discretization,0.1,qinling_foothill
sha256:0bf8f706e98e7cb404ad095f2cfaf9e9241ce38ebf5edf29cf004023ac529fe2,sky_horizon_outline_v1,"[30.0, 15.0, 7.5]","[null, null, null]","[null, null]",True,True,not_attenuation_reference,0.1,qinling_foothill
sha256:0c91b0a426d06f28400bfd9898ef0d6e5beacdf66e50228aea223288f43bba2a,m3_current_single_edge_v1,"[30.0, 15.0, 7.5]","[0.0, 0.0, 0.0]","[0.0, 0.0]",True,True,eligible_within_tested_discretization,0.1,qinling_foothill
sha256:0c91b0a426d06f28400bfd9898ef0d6e5beacdf66e50228aea223288f43bba2a,reference_multi_edge_deygout_v1,"[30.0, 15.0, 7.5]","[0.0, 0.0, 0.0]","[0.0, 0.0]",True,True,eligible_within_tested_discretization,0.1,qinling_foothill
sha256:0c91b0a426d06f28400bfd9898ef0d6e5beacdf66e50228aea223288f43bba2a,sky_horizon_outline_v1,"[30.0, 15.0, 7.5]","[null, null, null]","[null, null]",True,True,not_attenuation_reference,0.1,qinling_foothill
sha256:0cc730aa18c49d36d725e513b437c5d17652886aac3ff0af2d7101d8ad2cf075,m3_current_single_edge_v1,"[10.0, 5.0, 2.5]","[42.81877188357233, 42.81877188357233, 42.81877188357233]","[0.0, 0.0]",True,True,eligible_within_tested_discretization,0.1,single_ridge
sha256:0cc730aa18c49d36d725e513b437c5d17652886aac3ff0af2d7101d8ad2cf075,reference_multi_edge_deygout_v1,"[10.0, 5.0, 2.5]","[42.81877188357233, 42.81877188357233, 42.81877188357233]","[0.0, 0.0]",True,True,eligible_within_tested_discretization,0.1,single_ridge
sha256:0cc730aa18c49d36d725e513b437c5d17652886aac3ff0af2d7101d8ad2cf075,sky_horizon_outline_v1,"[10.0, 5.0, 2.5]","[null, null, null]","[null, null]",True,True,not_attenuation_reference,0.1,single_ridge
sha256:0ce1c519bac3350b26625f4cb20b25a2ce66bd7887dfa89298e37e7a718cea44,m3_current_single_edge_v1,"[10.0, 5.0, 2.5]","[0.0, 0.0, 0.0]","[0.0, 0.0]",True,True,eligible_within_tested_discretization,0.1,single_ridge
sha256:0ce1c519bac3350b26625f4cb20b25a2ce66bd7887dfa89298e37e7a718cea44,reference_multi_edge_deygout_v1,"[10.0, 5.0, 2.5]","[0.0, 0.0, 0.0]","[0.0, 0.0]",True,True,eligible_within_tested_discretization,0.1,single_ridge
sha256:0ce1c519bac3350b26625f4cb20b25a2ce66bd7887dfa89298e37e7a718cea44,sky_horizon_outline_v1,"[10.0, 5.0, 2.5]","[null, null, null]","[null, null]",True,True,not_attenuation_reference,0.1,single_ridge
sha256:0fa2e1857dc3ba9ee2fa4f0e21c7a426b357046f8f293ac4fec4b59f7be86756,m3_current_single_edge_v1,"[10.0, 5.0, 2.5]","[0.0, 0.0, 0.0]","[0.0, 0.0]",True,True,eligible_within_tested_discretization,0.1,deep_ridge
sha256:0fa2e1857dc3ba9ee2fa4f0e21c7a426b357046f8f293ac4fec4b59f7be86756,reference_multi_edge_deygout_v1,"[10.0, 5.0, 2.5]","[0.0, 0.0, 0.0]","[0.0, 0.0]",True,True,eligible_within_tested_discretization,0.1,deep_ridge
sha256:0fa2e1857dc3ba9ee2fa4f0e21c7a426b357046f8f293ac4fec4b59f7be86756,sky_horizon_outline_v1,"[10.0, 5.0, 2.5]","[null, null, null]","[null, null]",True,True,not_attenuation_reference,0.1,deep_ridge
sha256:1020887022b2e814aa12a636b01cbe46d46dbad40c854c204a90b7ac988f5e5b,m3_current_single_edge_v1,"[10.0, 5.0, 2.5]","[0.0, 0.0, 0.0]","[0.0, 0.0]",True,True,eligible_within_tested_discretization,0.1,flat
sha256:1020887022b2e814aa12a636b01cbe46d46dbad40c854c204a90b7ac988f5e5b,reference_multi_edge_deygout_v1,"[10.0, 5.0, 2.5]","[0.0, 0.0, 0.0]","[0.0, 0.0]",True,True,eligible_within_tested_discretization,0.1,flat
sha256:1020887022b2e814aa12a636b01cbe46d46dbad40c854c204a90b7ac988f5e5b,sky_horizon_outline_v1,"[10.0, 5.0, 2.5]","[null, null, null]","[null, null]",True,True,not_attenuation_reference,0.1,flat
sha256:1032cd7755164be605015350525028fb93d9b24affb0cb4a0041e40f55f46191,m3_current_single_edge_v1,"[10.0, 5.0, 2.5]","[0.0, 0.0, 0.0]","[0.0, 0.0]",True,True,eligible_within_tested_discretization,0.1,single_ridge
sha256:1032cd7755164be605015350525028fb93d9b24affb0cb4a0041e40f55f46191,reference_multi_edge_deygout_v1,"[10.0, 5.0, 2.5]","[0.0, 0.0, 0.0]","[0.0, 0.0]",True,True,eligible_within_tested_discretization,0.1,single_ridge
sha256:1032cd7755164be605015350525028fb93d9b24affb0cb4a0041e40f55f46191,sky_horizon_outline_v1,"[10.0, 5.0, 2.5]","[null, null, null]","[null, null]",True,True,not_attenuation_reference,0.1,single_ridge
sha256:103490531314bb32ef2a03f3cd9c6668a2add369f0ebb3dc8b46dd399a11b558,m3_current_single_edge_v1,"[10.0, 5.0, 2.5]","[44.61965902868281, 44.61965902868281, 44.61965902868281]","[0.0, 0.0]",True,True,eligible_within_tested_discretization,0.1,single_ridge
sha256:103490531314bb32ef2a03f3cd9c6668a2add369f0ebb3dc8b46dd399a11b558,reference_multi_edge_deygout_v1,"[10.0, 5.0, 2.5]","[46.27594822699568, 47.47577548364171, 48.37082363845214]","[1.1998272566460315, 0.895048154810425]",True,True,unverified,0.1,single_ridge
sha256:103490531314bb32ef2a03f3cd9c6668a2add369f0ebb3dc8b46dd399a11b558,sky_horizon_outline_v1,"[10.0, 5.0, 2.5]","[null, null, null]","[null, null]",True,True,not_attenuation_reference,0.1,single_ridge
sha256:10aa08446bb9e9e0bc8c6bd96596f8e1adec2c4011d3f71ca28a0671cbabd7e3,m3_current_single_edge_v1,"[30.0, 15.0, 7.5]","[0.0, 0.0, 0.0]","[0.0, 0.0]",True,True,eligible_within_tested_discretization,0.1,qinling_foothill
sha256:10aa08446bb9e9e0bc8c6bd96596f8e1adec2c4011d3f71ca28a0671cbabd7e3,reference_multi_edge_deygout_v1,"[30.0, 15.0, 7.5]","[0.0, 0.0, 0.0]","[0.0, 0.0]",True,True,eligible_within_tested_discretization,0.1,qinling_foothill
sha256:10aa08446bb9e9e0bc8c6bd96596f8e1adec2c4011d3f71ca28a0671cbabd7e3,sky_horizon_outline_v1,"[30.0, 15.0, 7.5]","[null, null, null]","[null, null]",True,True,not_attenuation_reference,0.1,qinling_foothill
sha256:135f7cbb2c2e5950c57ab74fe80a04b9b818d42c13916aae9e569c451d1b56ef,m3_current_single_edge_v1,"[10.0, 5.0, 2.5]","[0.0, 0.0, 0.0]","[0.0, 0.0]",True,True,eligible_within_tested_discretization,0.1,single_ridge
sha256:135f7cbb2c2e5950c57ab74fe80a04b9b818d42c13916aae9e569c451d1b56ef,reference_multi_edge_deygout_v1,"[10.0, 5.0, 2.5]","[0.0, 0.0, 0.0]","[0.0, 0.0]",True,True,eligible_within_tested_discretization,0.1,single_ridge
sha256:135f7cbb2c2e5950c57ab74fe80a04b9b818d42c13916aae9e569c451d1b56ef,sky_horizon_outline_v1,"[10.0, 5.0, 2.5]","[null, null, null]","[null, null]",True,True,not_attenuation_reference,0.1,single_ridge
sha256:16e20f220d160a1f95012885000430779a04f4fd9e2b71ee9ccac219b261069d,m3_current_single_edge_v1,"[10.0, 5.0, 2.5]","[24.782731648591202, 24.782731648591202, 24.782731648591202]","[0.0, 0.0]",True,True,eligible_within_tested_discretization,0.1,terrace
sha256:16e20f220d160a1f95012885000430779a04f4fd9e2b71ee9ccac219b261069d,reference_multi_edge_deygout_v1,"[10.0, 5.0, 2.5]","[25.23002536728505, 26.71027573010155, 27.843318506886376]","[1.4802503628164985, 1.1330427767848263]",True,True,unverified,0.1,terrace
sha256:16e20f220d160a1f95012885000430779a04f4fd9e2b71ee9ccac219b261069d,sky_horizon_outline_v1,"[10.0, 5.0, 2.5]","[null, null, null]","[null, null]",True,True,not_attenuation_reference,0.1,terrace
sha256:16f759743c556031b2a1552d7f991a4a465ad6c50a5ca953bee963255ff0f949,m3_current_single_edge_v1,"[30.0, 15.0, 7.5]","[0.0, 0.0, 0.0]","[0.0, 0.0]",True,True,eligible_within_tested_discretization,0.1,xian_city
sha256:16f759743c556031b2a1552d7f991a4a465ad6c50a5ca953bee963255ff0f949,reference_multi_edge_deygout_v1,"[30.0, 15.0, 7.5]","[0.0, 0.0, 0.0]","[0.0, 0.0]",True,True,eligible_within_tested_discretization,0.1,xian_city
sha256:16f759743c556031b2a1552d7f991a4a465ad6c50a5ca953bee963255ff0f949,sky_horizon_outline_v1,"[30.0, 15.0, 7.5]","[null, null, null]","[null, null]",True,True,not_attenuation_reference,0.1,xian_city
sha256:1771c98c060bad9008d7bb9992df76e5d6be73151dd4b29ec470d67ff95d01ca,m3_current_single_edge_v1,"[10.0, 5.0, 2.5]","[58.40148197503031, 58.40148197503031, 58.40148197503031]","[0.0, 0.0]",True,True,eligible_within_tested_discretization,0.1,deep_ridge
sha256:1771c98c060bad9008d7bb9992df76e5d6be73151dd4b29ec470d67ff95d01ca,reference_multi_edge_deygout_v1,"[10.0, 5.0, 2.5]","[58.40148197503031, 58.40148197503031, 58.40148197503031]","[0.0, 0.0]",True,True,eligible_within_tested_discretization,0.1,deep_ridge
sha256:1771c98c060bad9008d7bb9992df76e5d6be73151dd4b29ec470d67ff95d01ca,sky_horizon_outline_v1,"[10.0, 5.0, 2.5]","[null, null, null]","[null, null]",True,True,not_attenuation_reference,0.1,deep_ridge
sha256:1893fd87655f93146a0e0aae04596a9cf122da0f912dfcb090080d712e7ebe28,m3_current_single_edge_v1,"[30.0, 15.0, 7.5]","[0.0, 0.0, 0.0]","[0.0, 0.0]",True,True,eligible_within_tested_discretization,0.1,xian_city
sha256:1893fd87655f93146a0e0aae04596a9cf122da0f912dfcb090080d712e7ebe28,reference_multi_edge_deygout_v1,"[30.0, 15.0, 7.5]","[0.0, 0.0, 0.0]","[0.0, 0.0]",True,True,eligible_within_tested_discretization,0.1,xian_city
sha256:1893fd87655f93146a0e0aae04596a9cf122da0f912dfcb090080d712e7ebe28,sky_horizon_outline_v1,"[30.0, 15.0, 7.5]","[null, null, null]","[null, null]",True,True,not_attenuation_reference,0.1,xian_city
sha256:1963cfad9c317d5016571cb00d028ad3b996872d98103edc349581e09a48de54,m3_current_single_edge_v1,"[10.0, 5.0, 2.5]","[46.99401085076518, 46.99401085076518, 46.99401085076518]","[0.0, 0.0]",True,True,eligible_within_tested_discretization,0.1,double_ridge
sha256:1963cfad9c317d5016571cb00d028ad3b996872d98103edc349581e09a48de54,reference_multi_edge_deygout_v1,"[10.0, 5.0, 2.5]","[46.99401085076518, 46.99401085076518, 46.99401085076518]","[0.0, 0.0]",True,True,eligible_within_tested_discretization,0.1,double_ridge
sha256:1963cfad9c317d5016571cb00d028ad3b996872d98103edc349581e09a48de54,sky_horizon_outline_v1,"[10.0, 5.0, 2.5]","[null, null, null]","[null, null]",True,True,not_attenuation_reference,0.1,double_ridge
sha256:19bf04a7b5be1077a234825bf8779d2a6d9a1fd0e743a61d1170780171ac23bf,m3_current_single_edge_v1,"[10.0, 5.0, 2.5]","[0.0, 0.0, 0.0]","[0.0, 0.0]",True,True,eligible_within_tested_discretization,0.1,flat
sha256:19bf04a7b5be1077a234825bf8779d2a6d9a1fd0e743a61d1170780171ac23bf,reference_multi_edge_deygout_v1,"[10.0, 5.0, 2.5]","[0.0, 0.0, 0.0]","[0.0, 0.0]",True,True,eligible_within_tested_discretization,0.1,flat
sha256:19bf04a7b5be1077a234825bf8779d2a6d9a1fd0e743a61d1170780171ac23bf,sky_horizon_outline_v1,"[10.0, 5.0, 2.5]","[null, null, null]","[null, null]",True,True,not_attenuation_reference,0.1,flat
sha256:19c598ff899845b9c2ad8ccd3743343c9909de0ed7ddaa2df8ef634b1d854ca6,m3_current_single_edge_v1,"[30.0, 15.0, 7.5]","[42.63043318970626, 42.63043318970626, 42.63043318970626]","[0.0, 0.0]",True,True,eligible_within_tested_discretization,0.1,qinling_mountain
sha256:19c598ff899845b9c2ad8ccd3743343c9909de0ed7ddaa2df8ef634b1d854ca6,reference_multi_edge_deygout_v1,"[30.0, 15.0, 7.5]","[42.63043318970626, 42.63043318970626, 42.63043318970626]","[0.0, 0.0]",True,True,eligible_within_tested_discretization,0.1,qinling_mountain
sha256:19c598ff899845b9c2ad8ccd3743343c9909de0ed7ddaa2df8ef634b1d854ca6,sky_horizon_outline_v1,"[30.0, 15.0, 7.5]","[null, null, null]","[null, null]",True,True,not_attenuation_reference,0.1,qinling_mountain
sha256:1a0e543f573e22140dabd858d9e4454538e66ced505efeb5bb605a28818df470,m3_current_single_edge_v1,"[30.0, 15.0, 7.5]","[43.35848367154061, 43.35848367154061, 43.35848367154061]","[0.0, 0.0]",True,True,eligible_within_tested_discretization,0.1,qinling_mountain
sha256:1a0e543f573e22140dabd858d9e4454538e66ced505efeb5bb605a28818df470,reference_multi_edge_deygout_v1,"[30.0, 15.0, 7.5]","[43.35848367154061, 43.35848367154061, 43.35848367154061]","[0.0, 0.0]",True,True,eligible_within_tested_discretization,0.1,qinling_mountain
sha256:1a0e543f573e22140dabd858d9e4454538e66ced505efeb5bb605a28818df470,sky_horizon_outline_v1,"[30.0, 15.0, 7.5]","[null, null, null]","[null, null]",True,True,not_attenuation_reference,0.1,qinling_mountain
sha256:1a46576eaca11fc01a51a330618dda9bddcfb8bcda634da31b8ad2f6432bf8b3,m3_current_single_edge_v1,"[10.0, 5.0, 2.5]","[0.0, 0.0, 0.0]","[0.0, 0.0]",True,True,eligible_within_tested_discretization,0.1,flat
sha256:1a46576eaca11fc01a51a330618dda9bddcfb8bcda634da31b8ad2f6432bf8b3,reference_multi_edge_deygout_v1,"[10.0, 5.0, 2.5]","[0.0, 0.0, 0.0]","[0.0, 0.0]",True,True,eligible_within_tested_discretization,0.1,flat
sha256:1a46576eaca11fc01a51a330618dda9bddcfb8bcda634da31b8ad2f6432bf8b3,sky_horizon_outline_v1,"[10.0, 5.0, 2.5]","[null, null, null]","[null, null]",True,True,not_attenuation_reference,0.1,flat
sha256:1b5c000799b9de2715b59efc49f7e6a57a3c9dd3299d01490bc5699afed39972,m3_current_single_edge_v1,"[30.0, 15.0, 7.5]","[0.0, 0.0, 0.0]","[0.0, 0.0]",True,True,eligible_within_tested_discretization,0.1,qinling_foothill
sha256:1b5c000799b9de2715b59efc49f7e6a57a3c9dd3299d01490bc5699afed39972,reference_multi_edge_deygout_v1,"[30.0, 15.0, 7.5]","[0.0, 0.0, 0.0]","[0.0, 0.0]",True,True,eligible_within_tested_discretization,0.1,qinling_foothill
sha256:1b5c000799b9de2715b59efc49f7e6a57a3c9dd3299d01490bc5699afed39972,sky_horizon_outline_v1,"[30.0, 15.0, 7.5]","[null, null, null]","[null, null]",True,True,not_attenuation_reference,0.1,qinling_foothill
sha256:1ce5ff5985f172286e20f9b00b6aa1a7026a519672b05257684d8b06a23f9dc5,m3_current_single_edge_v1,"[10.0, 5.0, 2.5]","[65.17044186033728, 65.17044186033728, 65.17044186033728]","[0.0, 0.0]",True,True,eligible_within_tested_discretization,0.1,deep_ridge
sha256:1ce5ff5985f172286e20f9b00b6aa1a7026a519672b05257684d8b06a23f9dc5,reference_multi_edge_deygout_v1,"[10.0, 5.0, 2.5]","[65.17044186033728, 65.17044186033728, 65.17044186033728]","[0.0, 0.0]",True,True,eligible_within_tested_discretization,0.1,deep_ridge
sha256:1ce5ff5985f172286e20f9b00b6aa1a7026a519672b05257684d8b06a23f9dc5,sky_horizon_outline_v1,"[10.0, 5.0, 2.5]","[null, null, null]","[null, null]",True,True,not_attenuation_reference,0.1,deep_ridge
sha256:1d8c55170a98ea8e0e679f058e4049245898e5ee9777708f72707303b7b149c9,m3_current_single_edge_v1,"[10.0, 5.0, 2.5]","[0.0, 0.0, 0.0]","[0.0, 0.0]",True,True,eligible_within_tested_discretization,0.1,flat
sha256:1d8c55170a98ea8e0e679f058e4049245898e5ee9777708f72707303b7b149c9,reference_multi_edge_deygout_v1,"[10.0, 5.0, 2.5]","[0.0, 0.0, 0.0]","[0.0, 0.0]",True,True,eligible_within_tested_discretization,0.1,flat
sha256:1d8c55170a98ea8e0e679f058e4049245898e5ee9777708f72707303b7b149c9,sky_horizon_outline_v1,"[10.0, 5.0, 2.5]","[null, null, null]","[null, null]",True,True,not_attenuation_reference,0.1,flat
sha256:1f5c60d533a228098d1fd6ce02ca95ef21b977329cd6a94f1e41d01c5687f56f,m3_current_single_edge_v1,"[10.0, 5.0, 2.5]","[45.750655998245726, 45.750655998245726, 45.750655998245726]","[0.0, 0.0]",True,True,eligible_within_tested_discretization,0.1,double_ridge
sha256:1f5c60d533a228098d1fd6ce02ca95ef21b977329cd6a94f1e41d01c5687f56f,reference_multi_edge_deygout_v1,"[10.0, 5.0, 2.5]","[45.750655998245726, 45.750655998245726, 45.750655998245726]","[0.0, 0.0]",True,True,eligible_within_tested_discretization,0.1,double_ridge
sha256:1f5c60d533a228098d1fd6ce02ca95ef21b977329cd6a94f1e41d01c5687f56f,sky_horizon_outline_v1,"[10.0, 5.0, 2.5]","[null, null, null]","[null, null]",True,True,not_attenuation_reference,0.1,double_ridge
sha256:1ffd84f2e43addc7687c8e082880e562582ec29c73cbd75d0809782559d45a50,m3_current_single_edge_v1,"[30.0, 15.0, 7.5]","[7.4050458402272765, 7.4050458402272765, 7.4050458402272765]","[0.0, 0.0]",True,True,eligible_within_tested_discretization,0.1,xian_city
sha256:1ffd84f2e43addc7687c8e082880e562582ec29c73cbd75d0809782559d45a50,reference_multi_edge_deygout_v1,"[30.0, 15.0, 7.5]","[7.405045840227276, 8.170255973220218, 9.57965633373718]","[0.7652101329929426, 1.4094003605169618]",True,True,unverified,0.1,xian_city
sha256:1ffd84f2e43addc7687c8e082880e562582ec29c73cbd75d0809782559d45a50,sky_horizon_outline_v1,"[30.0, 15.0, 7.5]","[null, null, null]","[null, null]",True,True,not_attenuation_reference,0.1,xian_city
sha256:21133735eb4b6177a914804f716c6d984f262e6a50cc20579af3234fc21a8539,m3_current_single_edge_v1,"[30.0, 15.0, 7.5]","[38.826664504632774, 38.826664504632774, 38.826664504632774]","[0.0, 0.0]",True,True,eligible_within_tested_discretization,0.1,qinling_mountain
sha256:21133735eb4b6177a914804f716c6d984f262e6a50cc20579af3234fc21a8539,reference_multi_edge_deygout_v1,"[30.0, 15.0, 7.5]","[38.826664504632774, 39.56146924069941, 40.977744380248296]","[0.7348047360666357, 1.4162751395488868]",True,True,unverified,0.1,qinling_mountain
sha256:21133735eb4b6177a914804f716c6d984f262e6a50cc20579af3234fc21a8539,sky_horizon_outline_v1,"[30.0, 15.0, 7.5]","[null, null, null]","[null, null]",True,True,not_attenuation_reference,0.1,qinling_mountain
sha256:21ca4db0a1fd1932bcf4d2bacd3c3582a4d816ecc9ec914577171221819e9453,m3_current_single_edge_v1,"[10.0, 5.0, 2.5]","[0.0, 0.0, 0.0]","[0.0, 0.0]",True,True,eligible_within_tested_discretization,0.1,terrace
sha256:21ca4db0a1fd1932bcf4d2bacd3c3582a4d816ecc9ec914577171221819e9453,reference_multi_edge_deygout_v1,"[10.0, 5.0, 2.5]","[0.0, 0.0, 0.0]","[0.0, 0.0]",True,True,eligible_within_tested_discretization,0.1,terrace
sha256:21ca4db0a1fd1932bcf4d2bacd3c3582a4d816ecc9ec914577171221819e9453,sky_horizon_outline_v1,"[10.0, 5.0, 2.5]","[null, null, null]","[null, null]",True,True,not_attenuation_reference,0.1,terrace
sha256:222ed7641aed5e8e043ac2c9a94a9ebba42cdf2389111843d0d85022c315f2fb,m3_current_single_edge_v1,"[10.0, 5.0, 2.5]","[0.0, 0.0, 0.0]","[0.0, 0.0]",True,True,eligible_within_tested_discretization,0.1,single_ridge
sha256:222ed7641aed5e8e043ac2c9a94a9ebba42cdf2389111843d0d85022c315f2fb,reference_multi_edge_deygout_v1,"[10.0, 5.0, 2.5]","[0.0, 0.0, 0.0]","[0.0, 0.0]",True,True,eligible_within_tested_discretization,0.1,single_ridge
sha256:222ed7641aed5e8e043ac2c9a94a9ebba42cdf2389111843d0d85022c315f2fb,sky_horizon_outline_v1,"[10.0, 5.0, 2.5]","[null, null, null]","[null, null]",True,True,not_attenuation_reference,0.1,single_ridge
sha256:226357b9f77702f45684f6765a88a30a07979c89c7ae7975fce23f80e9772d54,m3_current_single_edge_v1,"[10.0, 5.0, 2.5]","[0.0, 0.0, 0.0]","[0.0, 0.0]",True,True,eligible_within_tested_discretization,0.1,double_ridge
sha256:226357b9f77702f45684f6765a88a30a07979c89c7ae7975fce23f80e9772d54,reference_multi_edge_deygout_v1,"[10.0, 5.0, 2.5]","[0.0, 0.0, 0.0]","[0.0, 0.0]",True,True,eligible_within_tested_discretization,0.1,double_ridge
sha256:226357b9f77702f45684f6765a88a30a07979c89c7ae7975fce23f80e9772d54,sky_horizon_outline_v1,"[10.0, 5.0, 2.5]","[null, null, null]","[null, null]",True,True,not_attenuation_reference,0.1,double_ridge
sha256:237b6dc705238ab20171911ca688cbeb909054cb54769803ca81a67eae7f5766,m3_current_single_edge_v1,"[10.0, 5.0, 2.5]","[null, null, null]","[null, null]",False,True,unavailable,0.1,terrace
sha256:237b6dc705238ab20171911ca688cbeb909054cb54769803ca81a67eae7f5766,reference_multi_edge_deygout_v1,"[10.0, 5.0, 2.5]","[null, null, null]","[null, null]",False,True,unavailable,0.1,terrace
sha256:237b6dc705238ab20171911ca688cbeb909054cb54769803ca81a67eae7f5766,sky_horizon_outline_v1,"[10.0, 5.0, 2.5]","[null, null, null]","[null, null]",False,True,not_attenuation_reference,0.1,terrace
sha256:23d9fac1523944d89bde398527d4a597f0bb43f74609b6b46f188461babe60cd,m3_current_single_edge_v1,"[10.0, 5.0, 2.5]","[32.97272571820972, 32.97272571820972, 32.97272571820972]","[0.0, 0.0]",True,True,eligible_within_tested_discretization,0.1,terrace
sha256:23d9fac1523944d89bde398527d4a597f0bb43f74609b6b46f188461babe60cd,reference_multi_edge_deygout_v1,"[10.0, 5.0, 2.5]","[32.97272571820972, 32.97272571820972, 32.97272571820972]","[0.0, 0.0]",True,True,eligible_within_tested_discretization,0.1,terrace
sha256:23d9fac1523944d89bde398527d4a597f0bb43f74609b6b46f188461babe60cd,sky_horizon_outline_v1,"[10.0, 5.0, 2.5]","[null, null, null]","[null, null]",True,True,not_attenuation_reference,0.1,terrace
sha256:24c265ba783da1d4c896b2388f33a4968cf4265ceb14b62bc29a59561de9ae9b,m3_current_single_edge_v1,"[30.0, 15.0, 7.5]","[0.0, 0.0, 0.0]","[0.0, 0.0]",True,True,eligible_within_tested_discretization,0.1,qinling_mountain
sha256:24c265ba783da1d4c896b2388f33a4968cf4265ceb14b62bc29a59561de9ae9b,reference_multi_edge_deygout_v1,"[30.0, 15.0, 7.5]","[0.0, 0.0, 0.0]","[0.0, 0.0]",True,True,eligible_within_tested_discretization,0.1,qinling_mountain
sha256:24c265ba783da1d4c896b2388f33a4968cf4265ceb14b62bc29a59561de9ae9b,sky_horizon_outline_v1,"[30.0, 15.0, 7.5]","[null, null, null]","[null, null]",True,True,not_attenuation_reference,0.1,qinling_mountain
sha256:256e159b2b963ad83bd7a2a58b450c2a5efefe202708f5f8a3695d5854cb4c65,m3_current_single_edge_v1,"[10.0, 5.0, 2.5]","[0.0, 0.0, 0.0]","[0.0, 0.0]",True,True,eligible_within_tested_discretization,0.1,terrace
sha256:256e159b2b963ad83bd7a2a58b450c2a5efefe202708f5f8a3695d5854cb4c65,reference_multi_edge_deygout_v1,"[10.0, 5.0, 2.5]","[0.0, 0.0, 0.0]","[0.0, 0.0]",True,True,eligible_within_tested_discretization,0.1,terrace
sha256:256e159b2b963ad83bd7a2a58b450c2a5efefe202708f5f8a3695d5854cb4c65,sky_horizon_outline_v1,"[10.0, 5.0, 2.5]","[null, null, null]","[null, null]",True,True,not_attenuation_reference,0.1,terrace
sha256:26100f8f68f0ef64820a7572dcfe1524ff06e3d6bead9f2a3eceda82f661dbc7,m3_current_single_edge_v1,"[10.0, 5.0, 2.5]","[null, null, null]","[null, null]",False,True,unavailable,0.1,deep_ridge
sha256:26100f8f68f0ef64820a7572dcfe1524ff06e3d6bead9f2a3eceda82f661dbc7,reference_multi_edge_deygout_v1,"[10.0, 5.0, 2.5]","[null, null, null]","[null, null]",False,True,unavailable,0.1,deep_ridge
sha256:26100f8f68f0ef64820a7572dcfe1524ff06e3d6bead9f2a3eceda82f661dbc7,sky_horizon_outline_v1,"[10.0, 5.0, 2.5]","[null, null, null]","[null, null]",False,True,not_attenuation_reference,0.1,deep_ridge
sha256:2642329887d300c82a1f7909f82abbdf7f5bd3553fb4029613eeae7c9d152aa2,m3_current_single_edge_v1,"[10.0, 5.0, 2.5]","[null, null, null]","[null, null]",False,True,unavailable,0.1,deep_ridge
sha256:2642329887d300c82a1f7909f82abbdf7f5bd3553fb4029613eeae7c9d152aa2,reference_multi_edge_deygout_v1,"[10.0, 5.0, 2.5]","[null, null, null]","[null, null]",False,True,unavailable,0.1,deep_ridge
sha256:2642329887d300c82a1f7909f82abbdf7f5bd3553fb4029613eeae7c9d152aa2,sky_horizon_outline_v1,"[10.0, 5.0, 2.5]","[null, null, null]","[null, null]",False,True,not_attenuation_reference,0.1,deep_ridge
sha256:267ae81e4b87f0bef97752c64cd2e801995fc1d02aa110c26ee7479cc92e1b81,m3_current_single_edge_v1,"[30.0, 15.0, 7.5]","[0.0, 0.0, 0.0]","[0.0, 0.0]",True,True,eligible_within_tested_discretization,0.1,qinling_mountain
sha256:267ae81e4b87f0bef97752c64cd2e801995fc1d02aa110c26ee7479cc92e1b81,reference_multi_edge_deygout_v1,"[30.0, 15.0, 7.5]","[0.0, 0.0, 0.0]","[0.0, 0.0]",True,True,eligible_within_tested_discretization,0.1,qinling_mountain
sha256:267ae81e4b87f0bef97752c64cd2e801995fc1d02aa110c26ee7479cc92e1b81,sky_horizon_outline_v1,"[30.0, 15.0, 7.5]","[null, null, null]","[null, null]",True,True,not_attenuation_reference,0.1,qinling_mountain
sha256:267aff0dfe28a8aa7374add1e88211b98e32a126277419e1ccccf54e74c78fd7,m3_current_single_edge_v1,"[10.0, 5.0, 2.5]","[0.0, 0.0, 0.0]","[0.0, 0.0]",True,True,eligible_within_tested_discretization,0.1,terrace
sha256:267aff0dfe28a8aa7374add1e88211b98e32a126277419e1ccccf54e74c78fd7,reference_multi_edge_deygout_v1,"[10.0, 5.0, 2.5]","[0.0, 0.0, 0.0]","[0.0, 0.0]",True,True,eligible_within_tested_discretization,0.1,terrace
sha256:267aff0dfe28a8aa7374add1e88211b98e32a126277419e1ccccf54e74c78fd7,sky_horizon_outline_v1,"[10.0, 5.0, 2.5]","[null, null, null]","[null, null]",True,True,not_attenuation_reference,0.1,terrace
sha256:26db96b748d092ab472df15505cbac0073d31ab4e373eb2bc596d4308cbbda9c,m3_current_single_edge_v1,"[10.0, 5.0, 2.5]","[0.0, 0.0, 0.0]","[0.0, 0.0]",True,True,eligible_within_tested_discretization,0.1,deep_ridge
sha256:26db96b748d092ab472df15505cbac0073d31ab4e373eb2bc596d4308cbbda9c,reference_multi_edge_deygout_v1,"[10.0, 5.0, 2.5]","[0.0, 0.0, 0.0]","[0.0, 0.0]",True,True,eligible_within_tested_discretization,0.1,deep_ridge
sha256:26db96b748d092ab472df15505cbac0073d31ab4e373eb2bc596d4308cbbda9c,sky_horizon_outline_v1,"[10.0, 5.0, 2.5]","[null, null, null]","[null, null]",True,True,not_attenuation_reference,0.1,deep_ridge
sha256:27847d3d0b2be24c7310f12bf6b64d3afaaad0410476f37de1375b48bd3b4777,m3_current_single_edge_v1,"[10.0, 5.0, 2.5]","[null, null, null]","[null, null]",False,True,unavailable,0.1,flat
sha256:27847d3d0b2be24c7310f12bf6b64d3afaaad0410476f37de1375b48bd3b4777,reference_multi_edge_deygout_v1,"[10.0, 5.0, 2.5]","[null, null, null]","[null, null]",False,True,unavailable,0.1,flat
sha256:27847d3d0b2be24c7310f12bf6b64d3afaaad0410476f37de1375b48bd3b4777,sky_horizon_outline_v1,"[10.0, 5.0, 2.5]","[null, null, null]","[null, null]",False,True,not_attenuation_reference,0.1,flat
sha256:278520b86ba57ff20d945929a49bc341ba1d247e99a676886da3eed301ec2f18,m3_current_single_edge_v1,"[30.0, 15.0, 7.5]","[53.2468248599835, 53.2468248599835, 53.2468248599835]","[0.0, 0.0]",True,True,eligible_within_tested_discretization,0.1,qinling_mountain
sha256:278520b86ba57ff20d945929a49bc341ba1d247e99a676886da3eed301ec2f18,reference_multi_edge_deygout_v1,"[30.0, 15.0, 7.5]","[136.77538012064335, 136.77538012064335, 136.77538012064335]","[0.0, 0.0]",True,True,eligible_within_tested_discretization,0.1,qinling_mountain
sha256:278520b86ba57ff20d945929a49bc341ba1d247e99a676886da3eed301ec2f18,sky_horizon_outline_v1,"[30.0, 15.0, 7.5]","[null, null, null]","[null, null]",True,True,not_attenuation_reference,0.1,qinling_mountain
sha256:27c6894e23be09527445ee91dd6ef4cc2c4c4e1823b15e1b516afa7329b8f292,m3_current_single_edge_v1,"[10.0, 5.0, 2.5]","[0.0, 0.0, 0.0]","[0.0, 0.0]",True,True,eligible_within_tested_discretization,0.1,double_ridge
sha256:27c6894e23be09527445ee91dd6ef4cc2c4c4e1823b15e1b516afa7329b8f292,reference_multi_edge_deygout_v1,"[10.0, 5.0, 2.5]","[0.0, 0.0, 0.0]","[0.0, 0.0]",True,True,eligible_within_tested_discretization,0.1,double_ridge
sha256:27c6894e23be09527445ee91dd6ef4cc2c4c4e1823b15e1b516afa7329b8f292,sky_horizon_outline_v1,"[10.0, 5.0, 2.5]","[null, null, null]","[null, null]",True,True,not_attenuation_reference,0.1,double_ridge
sha256:280bd5bb88d5503b94eba49929d3e5c20c52e7e9b331aa1d459e6521eaa79453,m3_current_single_edge_v1,"[10.0, 5.0, 2.5]","[0.0, 0.0, 0.0]","[0.0, 0.0]",True,True,eligible_within_tested_discretization,0.1,single_ridge
sha256:280bd5bb88d5503b94eba49929d3e5c20c52e7e9b331aa1d459e6521eaa79453,reference_multi_edge_deygout_v1,"[10.0, 5.0, 2.5]","[0.0, 0.0, 0.0]","[0.0, 0.0]",True,True,eligible_within_tested_discretization,0.1,single_ridge
sha256:280bd5bb88d5503b94eba49929d3e5c20c52e7e9b331aa1d459e6521eaa79453,sky_horizon_outline_v1,"[10.0, 5.0, 2.5]","[null, null, null]","[null, null]",True,True,not_attenuation_reference,0.1,single_ridge
sha256:2904591288b7b05215e6df29752923ace3d1103f10ab5eb9b157381f27dce014,m3_current_single_edge_v1,"[10.0, 5.0, 2.5]","[48.3781357010641, 48.3781357010641, 48.3781357010641]","[0.0, 0.0]",True,True,eligible_within_tested_discretization,0.1,double_ridge
sha256:2904591288b7b05215e6df29752923ace3d1103f10ab5eb9b157381f27dce014,reference_multi_edge_deygout_v1,"[10.0, 5.0, 2.5]","[50.045815242302176, 51.24286715467363, 52.1356423106653]","[1.1970519123714567, 0.8927751559916643]",True,True,unverified,0.1,double_ridge
sha256:2904591288b7b05215e6df29752923ace3d1103f10ab5eb9b157381f27dce014,sky_horizon_outline_v1,"[10.0, 5.0, 2.5]","[null, null, null]","[null, null]",True,True,not_attenuation_reference,0.1,double_ridge
sha256:2a579da9b06849cf35c48762fb0096ee67e63f6671e981e9efd5810f34f8dc2b,m3_current_single_edge_v1,"[30.0, 15.0, 7.5]","[0.0, 0.0, 0.0]","[0.0, 0.0]",True,True,eligible_within_tested_discretization,0.1,qinling_foothill
sha256:2a579da9b06849cf35c48762fb0096ee67e63f6671e981e9efd5810f34f8dc2b,reference_multi_edge_deygout_v1,"[30.0, 15.0, 7.5]","[0.0, 0.0, 0.0]","[0.0, 0.0]",True,True,eligible_within_tested_discretization,0.1,qinling_foothill
sha256:2a579da9b06849cf35c48762fb0096ee67e63f6671e981e9efd5810f34f8dc2b,sky_horizon_outline_v1,"[30.0, 15.0, 7.5]","[null, null, null]","[null, null]",True,True,not_attenuation_reference,0.1,qinling_foothill
sha256:2a5c1ee20a6c82f3d1c3016b1463b91b9f0e9f2cb4384d53b6aef480a00f6e1d,m3_current_single_edge_v1,"[30.0, 15.0, 7.5]","[0.0, 0.0, 0.0]","[0.0, 0.0]",True,True,eligible_within_tested_discretization,0.1,qinling_foothill
sha256:2a5c1ee20a6c82f3d1c3016b1463b91b9f0e9f2cb4384d53b6aef480a00f6e1d,reference_multi_edge_deygout_v1,"[30.0, 15.0, 7.5]","[0.0, 0.0, 0.0]","[0.0, 0.0]",True,True,eligible_within_tested_discretization,0.1,qinling_foothill
sha256:2a5c1ee20a6c82f3d1c3016b1463b91b9f0e9f2cb4384d53b6aef480a00f6e1d,sky_horizon_outline_v1,"[30.0, 15.0, 7.5]","[null, null, null]","[null, null]",True,True,not_attenuation_reference,0.1,qinling_foothill
sha256:2a6caf50e3621df359fccd4a036493f12bedec065473c6d0d892cabf3d769124,m3_current_single_edge_v1,"[30.0, 15.0, 7.5]","[0.0, 0.0, 0.0]","[0.0, 0.0]",True,True,eligible_within_tested_discretization,0.1,xian_city
sha256:2a6caf50e3621df359fccd4a036493f12bedec065473c6d0d892cabf3d769124,reference_multi_edge_deygout_v1,"[30.0, 15.0, 7.5]","[0.0, 0.0, 0.0]","[0.0, 0.0]",True,True,eligible_within_tested_discretization,0.1,xian_city
sha256:2a6caf50e3621df359fccd4a036493f12bedec065473c6d0d892cabf3d769124,sky_horizon_outline_v1,"[30.0, 15.0, 7.5]","[null, null, null]","[null, null]",True,True,not_attenuation_reference,0.1,xian_city
sha256:2aca15dd4e10c685fa533599a3f6d2b9f57a2137c21939781a5a987ad28ea357,m3_current_single_edge_v1,"[10.0, 5.0, 2.5]","[64.02505612845697, 64.02505612845697, 64.02505612845697]","[0.0, 0.0]",True,True,eligible_within_tested_discretization,0.1,deep_ridge
sha256:2aca15dd4e10c685fa533599a3f6d2b9f57a2137c21939781a5a987ad28ea357,reference_multi_edge_deygout_v1,"[10.0, 5.0, 2.5]","[64.02505612845697, 64.02505612845697, 64.02505612845697]","[0.0, 0.0]",True,True,eligible_within_tested_discretization,0.1,deep_ridge
sha256:2aca15dd4e10c685fa533599a3f6d2b9f57a2137c21939781a5a987ad28ea357,sky_horizon_outline_v1,"[10.0, 5.0, 2.5]","[null, null, null]","[null, null]",True,True,not_attenuation_reference,0.1,deep_ridge
sha256:2b99396afaf198d5e687ef28984a66f3621d5fb88a4a9e367b2802ff6170a74d,m3_current_single_edge_v1,"[10.0, 5.0, 2.5]","[0.0, 0.0, 0.0]","[0.0, 0.0]",True,True,eligible_within_tested_discretization,0.1,deep_ridge
sha256:2b99396afaf198d5e687ef28984a66f3621d5fb88a4a9e367b2802ff6170a74d,reference_multi_edge_deygout_v1,"[10.0, 5.0, 2.5]","[0.0, 0.0, 0.0]","[0.0, 0.0]",True,True,eligible_within_tested_discretization,0.1,deep_ridge
sha256:2b99396afaf198d5e687ef28984a66f3621d5fb88a4a9e367b2802ff6170a74d,sky_horizon_outline_v1,"[10.0, 5.0, 2.5]","[null, null, null]","[null, null]",True,True,not_attenuation_reference,0.1,deep_ridge
sha256:2bc1fe245b9175cc4e34c6f8005cf55749c722f16821d93419203e91c43eeb05,m3_current_single_edge_v1,"[10.0, 5.0, 2.5]","[0.0, 0.0, 0.0]","[0.0, 0.0]",True,True,eligible_within_tested_discretization,0.1,flat
sha256:2bc1fe245b9175cc4e34c6f8005cf55749c722f16821d93419203e91c43eeb05,reference_multi_edge_deygout_v1,"[10.0, 5.0, 2.5]","[0.0, 0.0, 0.0]","[0.0, 0.0]",True,True,eligible_within_tested_discretization,0.1,flat
sha256:2bc1fe245b9175cc4e34c6f8005cf55749c722f16821d93419203e91c43eeb05,sky_horizon_outline_v1,"[10.0, 5.0, 2.5]","[null, null, null]","[null, null]",True,True,not_attenuation_reference,0.1,flat
sha256:2c568ccdae219e3d59485fd7ee94796192b2091c2938019998381d701e7ac069,m3_current_single_edge_v1,"[10.0, 5.0, 2.5]","[42.962838904928766, 42.962838904928766, 42.962838904928766]","[0.0, 0.0]",True,True,eligible_within_tested_discretization,0.1,double_ridge
sha256:2c568ccdae219e3d59485fd7ee94796192b2091c2938019998381d701e7ac069,reference_multi_edge_deygout_v1,"[10.0, 5.0, 2.5]","[45.25861508945663, 45.90409920188209, 46.77663761086619]","[0.6454841124254571, 0.8725384089840986]",True,True,unverified,0.1,double_ridge
sha256:2c568ccdae219e3d59485fd7ee94796192b2091c2938019998381d701e7ac069,sky_horizon_outline_v1,"[10.0, 5.0, 2.5]","[null, null, null]","[null, null]",True,True,not_attenuation_reference,0.1,double_ridge
sha256:2d8540b37df97087284f31928a9ea65e9cbaa04b1c5c870aa6963a7550c1de73,m3_current_single_edge_v1,"[30.0, 15.0, 7.5]","[52.77217558702213, 52.77217558702213, 52.77217558702213]","[0.0, 0.0]",True,True,eligible_within_tested_discretization,0.1,qinling_mountain
sha256:2d8540b37df97087284f31928a9ea65e9cbaa04b1c5c870aa6963a7550c1de73,reference_multi_edge_deygout_v1,"[30.0, 15.0, 7.5]","[86.46433900540552, 86.46433900540552, 86.46433900540552]","[0.0, 0.0]",True,True,eligible_within_tested_discretization,0.1,qinling_mountain
sha256:2d8540b37df97087284f31928a9ea65e9cbaa04b1c5c870aa6963a7550c1de73,sky_horizon_outline_v1,"[30.0, 15.0, 7.5]","[null, null, null]","[null, null]",True,True,not_attenuation_reference,0.1,qinling_mountain
sha256:2e7a61fa25339fc6bd8e1a431e0a9da4760c25b5f51c5eb01b67a4a04cd324d4,m3_current_single_edge_v1,"[10.0, 5.0, 2.5]","[0.0, 0.0, 0.0]","[0.0, 0.0]",True,True,eligible_within_tested_discretization,0.1,deep_ridge
sha256:2e7a61fa25339fc6bd8e1a431e0a9da4760c25b5f51c5eb01b67a4a04cd324d4,reference_multi_edge_deygout_v1,"[10.0, 5.0, 2.5]","[0.0, 0.0, 0.0]","[0.0, 0.0]",True,True,eligible_within_tested_discretization,0.1,deep_ridge
sha256:2e7a61fa25339fc6bd8e1a431e0a9da4760c25b5f51c5eb01b67a4a04cd324d4,sky_horizon_outline_v1,"[10.0, 5.0, 2.5]","[null, null, null]","[null, null]",True,True,not_attenuation_reference,0.1,deep_ridge
sha256:2eb0e9de2161e203884d4cfb2489bd3401db7cc081aa85817117a1db75908093,m3_current_single_edge_v1,"[30.0, 15.0, 7.5]","[0.0, 0.0, 0.0]","[0.0, 0.0]",True,True,eligible_within_tested_discretization,0.1,qinling_foothill
sha256:2eb0e9de2161e203884d4cfb2489bd3401db7cc081aa85817117a1db75908093,reference_multi_edge_deygout_v1,"[30.0, 15.0, 7.5]","[0.0, 0.0, 0.0]","[0.0, 0.0]",True,True,eligible_within_tested_discretization,0.1,qinling_foothill
sha256:2eb0e9de2161e203884d4cfb2489bd3401db7cc081aa85817117a1db75908093,sky_horizon_outline_v1,"[30.0, 15.0, 7.5]","[null, null, null]","[null, null]",True,True,not_attenuation_reference,0.1,qinling_foothill
sha256:300b734833f49335d6d9a4f2bd6b0fbb605a9468491c3584c2bb23d95feb33d5,m3_current_single_edge_v1,"[10.0, 5.0, 2.5]","[null, null, null]","[null, null]",False,True,unavailable,0.1,flat
sha256:300b734833f49335d6d9a4f2bd6b0fbb605a9468491c3584c2bb23d95feb33d5,reference_multi_edge_deygout_v1,"[10.0, 5.0, 2.5]","[null, null, null]","[null, null]",False,True,unavailable,0.1,flat
sha256:300b734833f49335d6d9a4f2bd6b0fbb605a9468491c3584c2bb23d95feb33d5,sky_horizon_outline_v1,"[10.0, 5.0, 2.5]","[null, null, null]","[null, null]",False,True,not_attenuation_reference,0.1,flat
sha256:30bef7bd4cbab85683fe3c0abc2cfbe7f5ee806816ccc0f919de244e01665f3a,m3_current_single_edge_v1,"[10.0, 5.0, 2.5]","[0.0, 0.0, 0.0]","[0.0, 0.0]",True,True,eligible_within_tested_discretization,0.1,terrace
sha256:30bef7bd4cbab85683fe3c0abc2cfbe7f5ee806816ccc0f919de244e01665f3a,reference_multi_edge_deygout_v1,"[10.0, 5.0, 2.5]","[0.0, 0.0, 0.0]","[0.0, 0.0]",True,True,eligible_within_tested_discretization,0.1,terrace
sha256:30bef7bd4cbab85683fe3c0abc2cfbe7f5ee806816ccc0f919de244e01665f3a,sky_horizon_outline_v1,"[10.0, 5.0, 2.5]","[null, null, null]","[null, null]",True,True,not_attenuation_reference,0.1,terrace
sha256:31ff487d88e877356324aa4bdcddf112fe4cc59316c084a1bb14adbeb47e7698,m3_current_single_edge_v1,"[30.0, 15.0, 7.5]","[0.0, 0.0, 0.0]","[0.0, 0.0]",True,True,eligible_within_tested_discretization,0.1,qinling_foothill
sha256:31ff487d88e877356324aa4bdcddf112fe4cc59316c084a1bb14adbeb47e7698,reference_multi_edge_deygout_v1,"[30.0, 15.0, 7.5]","[0.0, 0.0, 0.0]","[0.0, 0.0]",True,True,eligible_within_tested_discretization,0.1,qinling_foothill
sha256:31ff487d88e877356324aa4bdcddf112fe4cc59316c084a1bb14adbeb47e7698,sky_horizon_outline_v1,"[30.0, 15.0, 7.5]","[null, null, null]","[null, null]",True,True,not_attenuation_reference,0.1,qinling_foothill
sha256:32f48a4899572ef9472244cafbfab1e67281e330724017dd95e29dd2d7276518,m3_current_single_edge_v1,"[10.0, 5.0, 2.5]","[66.43158151174943, 66.43158151174943, 66.43158151174943]","[0.0, 0.0]",True,True,eligible_within_tested_discretization,0.1,deep_ridge
sha256:32f48a4899572ef9472244cafbfab1e67281e330724017dd95e29dd2d7276518,reference_multi_edge_deygout_v1,"[10.0, 5.0, 2.5]","[68.27495160709597, 69.42891271648375, 70.28656828370941]","[1.1539611093877795, 0.8576555672256632]",True,True,unverified,0.1,deep_ridge
sha256:32f48a4899572ef9472244cafbfab1e67281e330724017dd95e29dd2d7276518,sky_horizon_outline_v1,"[10.0, 5.0, 2.5]","[null, null, null]","[null, null]",True,True,not_attenuation_reference,0.1,deep_ridge
sha256:3328a8058d778bdd1e0ea2c1fbe425a16628f7dad83e482ee0916c0d754f1767,m3_current_single_edge_v1,"[10.0, 5.0, 2.5]","[null, null, null]","[null, null]",False,True,unavailable,0.1,single_ridge
sha256:3328a8058d778bdd1e0ea2c1fbe425a16628f7dad83e482ee0916c0d754f1767,reference_multi_edge_deygout_v1,"[10.0, 5.0, 2.5]","[null, null, null]","[null, null]",False,True,unavailable,0.1,single_ridge
sha256:3328a8058d778bdd1e0ea2c1fbe425a16628f7dad83e482ee0916c0d754f1767,sky_horizon_outline_v1,"[10.0, 5.0, 2.5]","[null, null, null]","[null, null]",False,True,not_attenuation_reference,0.1,single_ridge
sha256:33651601acd1621d8f82dcfdd12e1d24717679ede145976210008bd589a3f03c,m3_current_single_edge_v1,"[30.0, 15.0, 7.5]","[0.0, 0.0, 0.0]","[0.0, 0.0]",True,True,eligible_within_tested_discretization,0.1,xian_city
sha256:33651601acd1621d8f82dcfdd12e1d24717679ede145976210008bd589a3f03c,reference_multi_edge_deygout_v1,"[30.0, 15.0, 7.5]","[0.0, 0.0, 0.0]","[0.0, 0.0]",True,True,eligible_within_tested_discretization,0.1,xian_city
sha256:33651601acd1621d8f82dcfdd12e1d24717679ede145976210008bd589a3f03c,sky_horizon_outline_v1,"[30.0, 15.0, 7.5]","[null, null, null]","[null, null]",True,True,not_attenuation_reference,0.1,xian_city
sha256:34a1d35b15c481ea8f6c3a447589b42f3b1869bf9629c7e8a3e09c93c9ff5e13,m3_current_single_edge_v1,"[30.0, 15.0, 7.5]","[0.0, 0.0, 0.0]","[0.0, 0.0]",True,True,eligible_within_tested_discretization,0.1,xian_city
sha256:34a1d35b15c481ea8f6c3a447589b42f3b1869bf9629c7e8a3e09c93c9ff5e13,reference_multi_edge_deygout_v1,"[30.0, 15.0, 7.5]","[0.0, 0.0, 0.0]","[0.0, 0.0]",True,True,eligible_within_tested_discretization,0.1,xian_city
sha256:34a1d35b15c481ea8f6c3a447589b42f3b1869bf9629c7e8a3e09c93c9ff5e13,sky_horizon_outline_v1,"[30.0, 15.0, 7.5]","[null, null, null]","[null, null]",True,True,not_attenuation_reference,0.1,xian_city
sha256:35a24e41b950eaab1944ec3ee50dde07a13d9b29e56fa5c4ffbaf48064e74478,m3_current_single_edge_v1,"[10.0, 5.0, 2.5]","[0.0, 0.0, 0.0]","[0.0, 0.0]",True,True,eligible_within_tested_discretization,0.1,single_ridge
sha256:35a24e41b950eaab1944ec3ee50dde07a13d9b29e56fa5c4ffbaf48064e74478,reference_multi_edge_deygout_v1,"[10.0, 5.0, 2.5]","[0.0, 0.0, 0.0]","[0.0, 0.0]",True,True,eligible_within_tested_discretization,0.1,single_ridge
sha256:35a24e41b950eaab1944ec3ee50dde07a13d9b29e56fa5c4ffbaf48064e74478,sky_horizon_outline_v1,"[10.0, 5.0, 2.5]","[null, null, null]","[null, null]",True,True,not_attenuation_reference,0.1,single_ridge
sha256:35a4e3c6b3257ddbc46755b57469e273f7e03ebf9347dc8660b78a4110290e23,m3_current_single_edge_v1,"[30.0, 15.0, 7.5]","[0.0, 0.0, 0.0]","[0.0, 0.0]",True,True,eligible_within_tested_discretization,0.1,qinling_foothill
sha256:35a4e3c6b3257ddbc46755b57469e273f7e03ebf9347dc8660b78a4110290e23,reference_multi_edge_deygout_v1,"[30.0, 15.0, 7.5]","[0.0, 0.0, 0.0]","[0.0, 0.0]",True,True,eligible_within_tested_discretization,0.1,qinling_foothill
sha256:35a4e3c6b3257ddbc46755b57469e273f7e03ebf9347dc8660b78a4110290e23,sky_horizon_outline_v1,"[30.0, 15.0, 7.5]","[null, null, null]","[null, null]",True,True,not_attenuation_reference,0.1,qinling_foothill
sha256:35cfad41951572becdbacce8956c2aa24b1141a25f160492199d3dc57a94a0dc,m3_current_single_edge_v1,"[30.0, 15.0, 7.5]","[0.0, 0.0, 0.0]","[0.0, 0.0]",True,True,eligible_within_tested_discretization,0.1,qinling_foothill
sha256:35cfad41951572becdbacce8956c2aa24b1141a25f160492199d3dc57a94a0dc,reference_multi_edge_deygout_v1,"[30.0, 15.0, 7.5]","[0.0, 0.0, 0.0]","[0.0, 0.0]",True,True,eligible_within_tested_discretization,0.1,qinling_foothill
sha256:35cfad41951572becdbacce8956c2aa24b1141a25f160492199d3dc57a94a0dc,sky_horizon_outline_v1,"[30.0, 15.0, 7.5]","[null, null, null]","[null, null]",True,True,not_attenuation_reference,0.1,qinling_foothill
sha256:35f4a85b6e69236b2dc3150b1d4a60556af1ee2e00a1f980a180eb183ede0083,m3_current_single_edge_v1,"[30.0, 15.0, 7.5]","[37.96487274037339, 37.96487274037339, 37.96487274037339]","[0.0, 0.0]",True,True,eligible_within_tested_discretization,0.1,qinling_foothill
sha256:35f4a85b6e69236b2dc3150b1d4a60556af1ee2e00a1f980a180eb183ede0083,reference_multi_edge_deygout_v1,"[30.0, 15.0, 7.5]","[37.96487274037339, 38.74355872895528, 40.14989984867867]","[0.7786859885818913, 1.4063411197233933]",True,True,unverified,0.1,qinling_foothill
sha256:35f4a85b6e69236b2dc3150b1d4a60556af1ee2e00a1f980a180eb183ede0083,sky_horizon_outline_v1,"[30.0, 15.0, 7.5]","[null, null, null]","[null, null]",True,True,not_attenuation_reference,0.1,qinling_foothill
sha256:36d27e8e69fd00a8565a6b3bde02bfcd0fe90f06f324193c3b8ce15381eaabcd,m3_current_single_edge_v1,"[30.0, 15.0, 7.5]","[0.0, 0.0, 0.0]","[0.0, 0.0]",True,True,eligible_within_tested_discretization,0.1,xian_city
sha256:36d27e8e69fd00a8565a6b3bde02bfcd0fe90f06f324193c3b8ce15381eaabcd,reference_multi_edge_deygout_v1,"[30.0, 15.0, 7.5]","[0.0, 0.0, 0.0]","[0.0, 0.0]",True,True,eligible_within_tested_discretization,0.1,xian_city
sha256:36d27e8e69fd00a8565a6b3bde02bfcd0fe90f06f324193c3b8ce15381eaabcd,sky_horizon_outline_v1,"[30.0, 15.0, 7.5]","[null, null, null]","[null, null]",True,True,not_attenuation_reference,0.1,xian_city
sha256:36e419c0e2e6deb27acf8fa79d417eba010bae5c2b33a21d4c2e5ea787dcab67,m3_current_single_edge_v1,"[10.0, 5.0, 2.5]","[39.40173377347692, 39.40173377347692, 39.40173377347692]","[0.0, 0.0]",True,True,eligible_within_tested_discretization,0.1,terrace
sha256:36e419c0e2e6deb27acf8fa79d417eba010bae5c2b33a21d4c2e5ea787dcab67,reference_multi_edge_deygout_v1,"[10.0, 5.0, 2.5]","[41.0504346114512, 42.25210950769063, 43.14867168152756]","[1.2016748962394317, 0.8965621738369265]",True,True,unverified,0.1,terrace
sha256:36e419c0e2e6deb27acf8fa79d417eba010bae5c2b33a21d4c2e5ea787dcab67,sky_horizon_outline_v1,"[10.0, 5.0, 2.5]","[null, null, null]","[null, null]",True,True,not_attenuation_reference,0.1,terrace
sha256:36e9c414dd58e956b01e6717029b80aae401b738f4cb5d017268c0b1c15a2a96,m3_current_single_edge_v1,"[30.0, 15.0, 7.5]","[0.0, 0.0, 0.0]","[0.0, 0.0]",True,True,eligible_within_tested_discretization,0.1,xian_city
sha256:36e9c414dd58e956b01e6717029b80aae401b738f4cb5d017268c0b1c15a2a96,reference_multi_edge_deygout_v1,"[30.0, 15.0, 7.5]","[0.0, 0.0, 0.0]","[0.0, 0.0]",True,True,eligible_within_tested_discretization,0.1,xian_city
sha256:36e9c414dd58e956b01e6717029b80aae401b738f4cb5d017268c0b1c15a2a96,sky_horizon_outline_v1,"[30.0, 15.0, 7.5]","[null, null, null]","[null, null]",True,True,not_attenuation_reference,0.1,xian_city
sha256:37e4d22bf0246f41523701b22f46e5735dd919c7a40e6df6db885432a896c463,m3_current_single_edge_v1,"[10.0, 5.0, 2.5]","[null, null, null]","[null, null]",False,True,unavailable,0.1,flat
sha256:37e4d22bf0246f41523701b22f46e5735dd919c7a40e6df6db885432a896c463,reference_multi_edge_deygout_v1,"[10.0, 5.0, 2.5]","[null, null, null]","[null, null]",False,True,unavailable,0.1,flat
sha256:37e4d22bf0246f41523701b22f46e5735dd919c7a40e6df6db885432a896c463,sky_horizon_outline_v1,"[10.0, 5.0, 2.5]","[null, null, null]","[null, null]",False,True,not_attenuation_reference,0.1,flat
sha256:38d4bf36e65dca110c8438f42ddeac6d4b28513d1422ecee961c419abbe669aa,m3_current_single_edge_v1,"[10.0, 5.0, 2.5]","[34.53652463795384, 34.53652463795384, 34.53652463795384]","[0.0, 0.0]",True,True,eligible_within_tested_discretization,0.1,terrace
sha256:38d4bf36e65dca110c8438f42ddeac6d4b28513d1422ecee961c419abbe669aa,reference_multi_edge_deygout_v1,"[10.0, 5.0, 2.5]","[36.18120601164817, 37.38387602321003, 38.281241829069934]","[1.2026700115618567, 0.8973658058599057]",True,True,unverified,0.1,terrace
sha256:38d4bf36e65dca110c8438f42ddeac6d4b28513d1422ecee961c419abbe669aa,sky_horizon_outline_v1,"[10.0, 5.0, 2.5]","[null, null, null]","[null, null]",True,True,not_attenuation_reference,0.1,terrace
sha256:3a5adc7e5efd4303f7a2ef2bfd75882af88b4d7d48122df4c7eb11cb6327bb65,m3_current_single_edge_v1,"[30.0, 15.0, 7.5]","[0.0, 0.0, 0.0]","[0.0, 0.0]",True,True,eligible_within_tested_discretization,0.1,xian_city
sha256:3a5adc7e5efd4303f7a2ef2bfd75882af88b4d7d48122df4c7eb11cb6327bb65,reference_multi_edge_deygout_v1,"[30.0, 15.0, 7.5]","[0.0, 0.0, 0.0]","[0.0, 0.0]",True,True,eligible_within_tested_discretization,0.1,xian_city
sha256:3a5adc7e5efd4303f7a2ef2bfd75882af88b4d7d48122df4c7eb11cb6327bb65,sky_horizon_outline_v1,"[30.0, 15.0, 7.5]","[null, null, null]","[null, null]",True,True,not_attenuation_reference,0.1,xian_city
sha256:3a73d7738f9dc2e2d39fdcf7fa235349b0d5f1728a3d4c1d62b354bb0008e3c9,m3_current_single_edge_v1,"[10.0, 5.0, 2.5]","[null, null, null]","[null, null]",False,True,unavailable,0.1,deep_ridge
sha256:3a73d7738f9dc2e2d39fdcf7fa235349b0d5f1728a3d4c1d62b354bb0008e3c9,reference_multi_edge_deygout_v1,"[10.0, 5.0, 2.5]","[null, null, null]","[null, null]",False,True,unavailable,0.1,deep_ridge
sha256:3a73d7738f9dc2e2d39fdcf7fa235349b0d5f1728a3d4c1d62b354bb0008e3c9,sky_horizon_outline_v1,"[10.0, 5.0, 2.5]","[null, null, null]","[null, null]",False,True,not_attenuation_reference,0.1,deep_ridge
sha256:3afa847bc7b8c670549ad18ffa6c903285529e1728ffdf9555a90e0b0207f9bd,m3_current_single_edge_v1,"[10.0, 5.0, 2.5]","[36.42817020654016, 36.42817020654016, 36.42817020654016]","[0.0, 0.0]",True,True,eligible_within_tested_discretization,0.1,terrace
sha256:3afa847bc7b8c670549ad18ffa6c903285529e1728ffdf9555a90e0b0207f9bd,reference_multi_edge_deygout_v1,"[10.0, 5.0, 2.5]","[36.42817020654016, 36.42817020654016, 36.42817020654016]","[0.0, 0.0]",True,True,eligible_within_tested_discretization,0.1,terrace
sha256:3afa847bc7b8c670549ad18ffa6c903285529e1728ffdf9555a90e0b0207f9bd,sky_horizon_outline_v1,"[10.0, 5.0, 2.5]","[null, null, null]","[null, null]",True,True,not_attenuation_reference,0.1,terrace
sha256:3b4949b1e14a5f743421ccdd9f4c6f32b29b047cef2c30b2a1bddf8b5eeb5779,m3_current_single_edge_v1,"[30.0, 15.0, 7.5]","[0.0, 0.0, 0.0]","[0.0, 0.0]",True,True,eligible_within_tested_discretization,0.1,xian_city
sha256:3b4949b1e14a5f743421ccdd9f4c6f32b29b047cef2c30b2a1bddf8b5eeb5779,reference_multi_edge_deygout_v1,"[30.0, 15.0, 7.5]","[0.0, 0.0, 0.0]","[0.0, 0.0]",True,True,eligible_within_tested_discretization,0.1,xian_city
sha256:3b4949b1e14a5f743421ccdd9f4c6f32b29b047cef2c30b2a1bddf8b5eeb5779,sky_horizon_outline_v1,"[30.0, 15.0, 7.5]","[null, null, null]","[null, null]",True,True,not_attenuation_reference,0.1,xian_city
sha256:3b5ba4a8d19f313b2b0c0b70990d91599cb42b7656d91e0b6f402fa75af6d8c6,m3_current_single_edge_v1,"[10.0, 5.0, 2.5]","[0.0, 0.0, 0.0]","[0.0, 0.0]",True,True,eligible_within_tested_discretization,0.1,terrace
sha256:3b5ba4a8d19f313b2b0c0b70990d91599cb42b7656d91e0b6f402fa75af6d8c6,reference_multi_edge_deygout_v1,"[10.0, 5.0, 2.5]","[0.0, 0.0, 0.0]","[0.0, 0.0]",True,True,eligible_within_tested_discretization,0.1,terrace
sha256:3b5ba4a8d19f313b2b0c0b70990d91599cb42b7656d91e0b6f402fa75af6d8c6,sky_horizon_outline_v1,"[10.0, 5.0, 2.5]","[null, null, null]","[null, null]",True,True,not_attenuation_reference,0.1,terrace
sha256:3bd2e510eb97ee57b0dc4fbac43c56c292cd9ff561a6a5cd33480ed4351a1d10,m3_current_single_edge_v1,"[10.0, 5.0, 2.5]","[null, null, null]","[null, null]",False,True,unavailable,0.1,flat
sha256:3bd2e510eb97ee57b0dc4fbac43c56c292cd9ff561a6a5cd33480ed4351a1d10,reference_multi_edge_deygout_v1,"[10.0, 5.0, 2.5]","[null, null, null]","[null, null]",False,True,unavailable,0.1,flat
sha256:3bd2e510eb97ee57b0dc4fbac43c56c292cd9ff561a6a5cd33480ed4351a1d10,sky_horizon_outline_v1,"[10.0, 5.0, 2.5]","[null, null, null]","[null, null]",False,True,not_attenuation_reference,0.1,flat
sha256:3c2d2bba463e10d17be8c125aaba0a355a10e55a92a394042276ada89882381a,m3_current_single_edge_v1,"[10.0, 5.0, 2.5]","[0.0, 0.0, 0.0]","[0.0, 0.0]",True,True,eligible_within_tested_discretization,0.1,single_ridge
sha256:3c2d2bba463e10d17be8c125aaba0a355a10e55a92a394042276ada89882381a,reference_multi_edge_deygout_v1,"[10.0, 5.0, 2.5]","[0.0, 0.0, 0.0]","[0.0, 0.0]",True,True,eligible_within_tested_discretization,0.1,single_ridge
sha256:3c2d2bba463e10d17be8c125aaba0a355a10e55a92a394042276ada89882381a,sky_horizon_outline_v1,"[10.0, 5.0, 2.5]","[null, null, null]","[null, null]",True,True,not_attenuation_reference,0.1,single_ridge
sha256:3ca155d3f68ac7a4f7bfe11fbe45e407d423c28ce1eb43e9fe6408e2a1a1c039,m3_current_single_edge_v1,"[10.0, 5.0, 2.5]","[null, null, null]","[null, null]",False,True,unavailable,0.1,double_ridge
sha256:3ca155d3f68ac7a4f7bfe11fbe45e407d423c28ce1eb43e9fe6408e2a1a1c039,reference_multi_edge_deygout_v1,"[10.0, 5.0, 2.5]","[null, null, null]","[null, null]",False,True,unavailable,0.1,double_ridge
sha256:3ca155d3f68ac7a4f7bfe11fbe45e407d423c28ce1eb43e9fe6408e2a1a1c039,sky_horizon_outline_v1,"[10.0, 5.0, 2.5]","[null, null, null]","[null, null]",False,True,not_attenuation_reference,0.1,double_ridge
sha256:3d1a347fb25ed2b733467d0bd92d95cd6e9599ee6116912a26b4ed20d3850f46,m3_current_single_edge_v1,"[10.0, 5.0, 2.5]","[0.0, 0.0, 0.0]","[0.0, 0.0]",True,True,eligible_within_tested_discretization,0.1,single_ridge
sha256:3d1a347fb25ed2b733467d0bd92d95cd6e9599ee6116912a26b4ed20d3850f46,reference_multi_edge_deygout_v1,"[10.0, 5.0, 2.5]","[0.0, 0.0, 0.0]","[0.0, 0.0]",True,True,eligible_within_tested_discretization,0.1,single_ridge
sha256:3d1a347fb25ed2b733467d0bd92d95cd6e9599ee6116912a26b4ed20d3850f46,sky_horizon_outline_v1,"[10.0, 5.0, 2.5]","[null, null, null]","[null, null]",True,True,not_attenuation_reference,0.1,single_ridge
sha256:3dd5afc76d2d6b6db5aa6d430c7e9365020227672db484050813d0c3bce9aa93,m3_current_single_edge_v1,"[10.0, 5.0, 2.5]","[0.0, 0.0, 0.0]","[0.0, 0.0]",True,True,eligible_within_tested_discretization,0.1,flat
sha256:3dd5afc76d2d6b6db5aa6d430c7e9365020227672db484050813d0c3bce9aa93,reference_multi_edge_deygout_v1,"[10.0, 5.0, 2.5]","[0.0, 0.0, 0.0]","[0.0, 0.0]",True,True,eligible_within_tested_discretization,0.1,flat
sha256:3dd5afc76d2d6b6db5aa6d430c7e9365020227672db484050813d0c3bce9aa93,sky_horizon_outline_v1,"[10.0, 5.0, 2.5]","[null, null, null]","[null, null]",True,True,not_attenuation_reference,0.1,flat
sha256:3e60fb14bb459f7810bc54eac7099bf2b4609afd6ea467744f9f99edcd6183f8,m3_current_single_edge_v1,"[30.0, 15.0, 7.5]","[0.0, 0.0, 0.0]","[0.0, 0.0]",True,True,eligible_within_tested_discretization,0.1,xian_city
sha256:3e60fb14bb459f7810bc54eac7099bf2b4609afd6ea467744f9f99edcd6183f8,reference_multi_edge_deygout_v1,"[30.0, 15.0, 7.5]","[0.0, 0.0, 0.0]","[0.0, 0.0]",True,True,eligible_within_tested_discretization,0.1,xian_city
sha256:3e60fb14bb459f7810bc54eac7099bf2b4609afd6ea467744f9f99edcd6183f8,sky_horizon_outline_v1,"[30.0, 15.0, 7.5]","[null, null, null]","[null, null]",True,True,not_attenuation_reference,0.1,xian_city
sha256:3ee3557ff81d6dcdfa256b08e7de272d2a628d2d576ee7588727490242cde1e3,m3_current_single_edge_v1,"[30.0, 15.0, 7.5]","[0.0, 0.0, 0.0]","[0.0, 0.0]",True,True,eligible_within_tested_discretization,0.1,xian_city
sha256:3ee3557ff81d6dcdfa256b08e7de272d2a628d2d576ee7588727490242cde1e3,reference_multi_edge_deygout_v1,"[30.0, 15.0, 7.5]","[0.0, 0.0, 0.0]","[0.0, 0.0]",True,True,eligible_within_tested_discretization,0.1,xian_city
sha256:3ee3557ff81d6dcdfa256b08e7de272d2a628d2d576ee7588727490242cde1e3,sky_horizon_outline_v1,"[30.0, 15.0, 7.5]","[null, null, null]","[null, null]",True,True,not_attenuation_reference,0.1,xian_city
sha256:40b4b3ee3265c80a700cf2f6cbbc6fa4bfaebd8014fb9e148263693945205e42,m3_current_single_edge_v1,"[10.0, 5.0, 2.5]","[0.0, 0.0, 0.0]","[0.0, 0.0]",True,True,eligible_within_tested_discretization,0.1,deep_ridge
sha256:40b4b3ee3265c80a700cf2f6cbbc6fa4bfaebd8014fb9e148263693945205e42,reference_multi_edge_deygout_v1,"[10.0, 5.0, 2.5]","[0.0, 0.0, 0.0]","[0.0, 0.0]",True,True,eligible_within_tested_discretization,0.1,deep_ridge
sha256:40b4b3ee3265c80a700cf2f6cbbc6fa4bfaebd8014fb9e148263693945205e42,sky_horizon_outline_v1,"[10.0, 5.0, 2.5]","[null, null, null]","[null, null]",True,True,not_attenuation_reference,0.1,deep_ridge
sha256:40d3c1a9b3b61a5a3a61b5a4fe3b6c91c366a5816d8a2cfad9aed8b38c637b9b,m3_current_single_edge_v1,"[30.0, 15.0, 7.5]","[0.0, 0.0, 0.0]","[0.0, 0.0]",True,True,eligible_within_tested_discretization,0.1,qinling_mountain
sha256:40d3c1a9b3b61a5a3a61b5a4fe3b6c91c366a5816d8a2cfad9aed8b38c637b9b,reference_multi_edge_deygout_v1,"[30.0, 15.0, 7.5]","[0.0, 0.0, 0.0]","[0.0, 0.0]",True,True,eligible_within_tested_discretization,0.1,qinling_mountain
sha256:40d3c1a9b3b61a5a3a61b5a4fe3b6c91c366a5816d8a2cfad9aed8b38c637b9b,sky_horizon_outline_v1,"[30.0, 15.0, 7.5]","[null, null, null]","[null, null]",True,True,not_attenuation_reference,0.1,qinling_mountain
sha256:4105f1a55c1644684c1c18c867386236a84c787d6424bb00a4336409ae3e9005,m3_current_single_edge_v1,"[10.0, 5.0, 2.5]","[0.0, 0.0, 0.0]","[0.0, 0.0]",True,True,eligible_within_tested_discretization,0.1,double_ridge
sha256:4105f1a55c1644684c1c18c867386236a84c787d6424bb00a4336409ae3e9005,reference_multi_edge_deygout_v1,"[10.0, 5.0, 2.5]","[0.0, 0.0, 0.0]","[0.0, 0.0]",True,True,eligible_within_tested_discretization,0.1,double_ridge
sha256:4105f1a55c1644684c1c18c867386236a84c787d6424bb00a4336409ae3e9005,sky_horizon_outline_v1,"[10.0, 5.0, 2.5]","[null, null, null]","[null, null]",True,True,not_attenuation_reference,0.1,double_ridge
sha256:412b91056b36072348db7ece086e8ba1fdbc48b149fc37d21aafc1d2e72f4525,m3_current_single_edge_v1,"[30.0, 15.0, 7.5]","[0.0, 0.0, 0.0]","[0.0, 0.0]",True,True,eligible_within_tested_discretization,0.1,xian_city
sha256:412b91056b36072348db7ece086e8ba1fdbc48b149fc37d21aafc1d2e72f4525,reference_multi_edge_deygout_v1,"[30.0, 15.0, 7.5]","[0.0, 0.0, 0.0]","[0.0, 0.0]",True,True,eligible_within_tested_discretization,0.1,xian_city
sha256:412b91056b36072348db7ece086e8ba1fdbc48b149fc37d21aafc1d2e72f4525,sky_horizon_outline_v1,"[30.0, 15.0, 7.5]","[null, null, null]","[null, null]",True,True,not_attenuation_reference,0.1,xian_city
sha256:416f2a373d83015c98d7b315aa748c50d12ec299404550dfd85ad5900e03f046,m3_current_single_edge_v1,"[30.0, 15.0, 7.5]","[0.0, 0.0, 0.0]","[0.0, 0.0]",True,True,eligible_within_tested_discretization,0.1,xian_city
sha256:416f2a373d83015c98d7b315aa748c50d12ec299404550dfd85ad5900e03f046,reference_multi_edge_deygout_v1,"[30.0, 15.0, 7.5]","[0.0, 0.0, 0.0]","[0.0, 0.0]",True,True,eligible_within_tested_discretization,0.1,xian_city
sha256:416f2a373d83015c98d7b315aa748c50d12ec299404550dfd85ad5900e03f046,sky_horizon_outline_v1,"[30.0, 15.0, 7.5]","[null, null, null]","[null, null]",True,True,not_attenuation_reference,0.1,xian_city
sha256:4198f4b227d6d795da794959e55f32d33e10b39556a41d3f0568c0e30edb0005,m3_current_single_edge_v1,"[10.0, 5.0, 2.5]","[36.42809910279419, 36.42809910279419, 36.42809910279419]","[0.0, 0.0]",True,True,eligible_within_tested_discretization,0.1,terrace
sha256:4198f4b227d6d795da794959e55f32d33e10b39556a41d3f0568c0e30edb0005,reference_multi_edge_deygout_v1,"[10.0, 5.0, 2.5]","[36.42809910279419, 36.42809910279419, 36.42809910279419]","[0.0, 0.0]",True,True,eligible_within_tested_discretization,0.1,terrace
sha256:4198f4b227d6d795da794959e55f32d33e10b39556a41d3f0568c0e30edb0005,sky_horizon_outline_v1,"[10.0, 5.0, 2.5]","[null, null, null]","[null, null]",True,True,not_attenuation_reference,0.1,terrace
sha256:41d323ea5788f6dfd18d9ff59f9dc042ac9c412f0293dcddc7ffa585aa0f7bd4,m3_current_single_edge_v1,"[30.0, 15.0, 7.5]","[0.0, 0.0, 0.0]","[0.0, 0.0]",True,True,eligible_within_tested_discretization,0.1,xian_city
sha256:41d323ea5788f6dfd18d9ff59f9dc042ac9c412f0293dcddc7ffa585aa0f7bd4,reference_multi_edge_deygout_v1,"[30.0, 15.0, 7.5]","[0.0, 0.0, 0.0]","[0.0, 0.0]",True,True,eligible_within_tested_discretization,0.1,xian_city
sha256:41d323ea5788f6dfd18d9ff59f9dc042ac9c412f0293dcddc7ffa585aa0f7bd4,sky_horizon_outline_v1,"[30.0, 15.0, 7.5]","[null, null, null]","[null, null]",True,True,not_attenuation_reference,0.1,xian_city
sha256:425a77b53e87bf2ee634e4798a765cbcaf0186f95c9af7e477f718a58d0a5d19,m3_current_single_edge_v1,"[10.0, 5.0, 2.5]","[0.0, 0.0, 0.0]","[0.0, 0.0]",True,True,eligible_within_tested_discretization,0.1,flat
sha256:425a77b53e87bf2ee634e4798a765cbcaf0186f95c9af7e477f718a58d0a5d19,reference_multi_edge_deygout_v1,"[10.0, 5.0, 2.5]","[0.0, 0.0, 0.0]","[0.0, 0.0]",True,True,eligible_within_tested_discretization,0.1,flat
sha256:425a77b53e87bf2ee634e4798a765cbcaf0186f95c9af7e477f718a58d0a5d19,sky_horizon_outline_v1,"[10.0, 5.0, 2.5]","[null, null, null]","[null, null]",True,True,not_attenuation_reference,0.1,flat
sha256:426a8116e4b42fbd3cb3e3550a6914d035df748703e277638bba151745c13a6c,m3_current_single_edge_v1,"[10.0, 5.0, 2.5]","[0.0, 0.0, 0.0]","[0.0, 0.0]",True,True,eligible_within_tested_discretization,0.1,single_ridge
sha256:426a8116e4b42fbd3cb3e3550a6914d035df748703e277638bba151745c13a6c,reference_multi_edge_deygout_v1,"[10.0, 5.0, 2.5]","[0.0, 0.0, 0.0]","[0.0, 0.0]",True,True,eligible_within_tested_discretization,0.1,single_ridge
sha256:426a8116e4b42fbd3cb3e3550a6914d035df748703e277638bba151745c13a6c,sky_horizon_outline_v1,"[10.0, 5.0, 2.5]","[null, null, null]","[null, null]",True,True,not_attenuation_reference,0.1,single_ridge
sha256:43197685c73e77724ef7dd7e5a14d985a9e0d91d4442339108772f93fd09730b,m3_current_single_edge_v1,"[10.0, 5.0, 2.5]","[0.0, 0.0, 0.0]","[0.0, 0.0]",True,True,eligible_within_tested_discretization,0.1,deep_ridge
sha256:43197685c73e77724ef7dd7e5a14d985a9e0d91d4442339108772f93fd09730b,reference_multi_edge_deygout_v1,"[10.0, 5.0, 2.5]","[0.0, 0.0, 0.0]","[0.0, 0.0]",True,True,eligible_within_tested_discretization,0.1,deep_ridge
sha256:43197685c73e77724ef7dd7e5a14d985a9e0d91d4442339108772f93fd09730b,sky_horizon_outline_v1,"[10.0, 5.0, 2.5]","[null, null, null]","[null, null]",True,True,not_attenuation_reference,0.1,deep_ridge
sha256:4496929f2d8b06961bb17e2ccca0ee3a61ea156c7bf8f0aa28dcb759ac8dfeda,m3_current_single_edge_v1,"[10.0, 5.0, 2.5]","[0.0, 0.0, 0.0]","[0.0, 0.0]",True,True,eligible_within_tested_discretization,0.1,deep_ridge
sha256:4496929f2d8b06961bb17e2ccca0ee3a61ea156c7bf8f0aa28dcb759ac8dfeda,reference_multi_edge_deygout_v1,"[10.0, 5.0, 2.5]","[0.0, 0.0, 0.0]","[0.0, 0.0]",True,True,eligible_within_tested_discretization,0.1,deep_ridge
sha256:4496929f2d8b06961bb17e2ccca0ee3a61ea156c7bf8f0aa28dcb759ac8dfeda,sky_horizon_outline_v1,"[10.0, 5.0, 2.5]","[null, null, null]","[null, null]",True,True,not_attenuation_reference,0.1,deep_ridge
sha256:44b41568b629502cb8ecfacf5815d311adacae8663953087453ccb28ba7fa0cc,m3_current_single_edge_v1,"[10.0, 5.0, 2.5]","[0.0, 0.0, 0.0]","[0.0, 0.0]",True,True,eligible_within_tested_discretization,0.1,flat
sha256:44b41568b629502cb8ecfacf5815d311adacae8663953087453ccb28ba7fa0cc,reference_multi_edge_deygout_v1,"[10.0, 5.0, 2.5]","[0.0, 0.0, 0.0]","[0.0, 0.0]",True,True,eligible_within_tested_discretization,0.1,flat
sha256:44b41568b629502cb8ecfacf5815d311adacae8663953087453ccb28ba7fa0cc,sky_horizon_outline_v1,"[10.0, 5.0, 2.5]","[null, null, null]","[null, null]",True,True,not_attenuation_reference,0.1,flat
sha256:456c3a4003673a8ee76ed0a6c0dd352e4b4d262f8a885224f86984237ad83c00,m3_current_single_edge_v1,"[10.0, 5.0, 2.5]","[0.0, 0.0, 0.0]","[0.0, 0.0]",True,True,eligible_within_tested_discretization,0.1,flat
sha256:456c3a4003673a8ee76ed0a6c0dd352e4b4d262f8a885224f86984237ad83c00,reference_multi_edge_deygout_v1,"[10.0, 5.0, 2.5]","[0.0, 0.0, 0.0]","[0.0, 0.0]",True,True,eligible_within_tested_discretization,0.1,flat
sha256:456c3a4003673a8ee76ed0a6c0dd352e4b4d262f8a885224f86984237ad83c00,sky_horizon_outline_v1,"[10.0, 5.0, 2.5]","[null, null, null]","[null, null]",True,True,not_attenuation_reference,0.1,flat
sha256:46a7028687a029143ad0163e9093c2547ccb367c501b848d437f50153551b813,m3_current_single_edge_v1,"[10.0, 5.0, 2.5]","[37.63994761556759, 37.63994761556759, 37.63994761556759]","[0.0, 0.0]",True,True,eligible_within_tested_discretization,0.1,terrace
sha256:46a7028687a029143ad0163e9093c2547ccb367c501b848d437f50153551b813,reference_multi_edge_deygout_v1,"[10.0, 5.0, 2.5]","[39.92956261274681, 40.57600356774729, 41.449921216233605]","[0.6464409550004859, 0.8739176484863123]",True,True,unverified,0.1,terrace
sha256:46a7028687a029143ad0163e9093c2547ccb367c501b848d437f50153551b813,sky_horizon_outline_v1,"[10.0, 5.0, 2.5]","[null, null, null]","[null, null]",True,True,not_attenuation_reference,0.1,terrace
sha256:48398b095ccb8266c0a694a75508986d3a121fd132c27f454db972b711c16361,m3_current_single_edge_v1,"[10.0, 5.0, 2.5]","[0.0, 0.0, 0.0]","[0.0, 0.0]",True,True,eligible_within_tested_discretization,0.1,single_ridge
sha256:48398b095ccb8266c0a694a75508986d3a121fd132c27f454db972b711c16361,reference_multi_edge_deygout_v1,"[10.0, 5.0, 2.5]","[0.0, 0.0, 0.0]","[0.0, 0.0]",True,True,eligible_within_tested_discretization,0.1,single_ridge
sha256:48398b095ccb8266c0a694a75508986d3a121fd132c27f454db972b711c16361,sky_horizon_outline_v1,"[10.0, 5.0, 2.5]","[null, null, null]","[null, null]",True,True,not_attenuation_reference,0.1,single_ridge
sha256:48617bef766c5412e5bb97c4fb53388093064084f4d4c68eaafbdd06c4e02943,m3_current_single_edge_v1,"[30.0, 15.0, 7.5]","[21.352508333788, 21.352508333788, 21.352508333788]","[0.0, 0.0]",True,True,eligible_within_tested_discretization,0.1,xian_city
sha256:48617bef766c5412e5bb97c4fb53388093064084f4d4c68eaafbdd06c4e02943,reference_multi_edge_deygout_v1,"[30.0, 15.0, 7.5]","[21.352508333788, 22.128192882917272, 23.53522066909498]","[0.7756845491292736, 1.4070277861777072]",True,True,unverified,0.1,xian_city
sha256:48617bef766c5412e5bb97c4fb53388093064084f4d4c68eaafbdd06c4e02943,sky_horizon_outline_v1,"[30.0, 15.0, 7.5]","[null, null, null]","[null, null]",True,True,not_attenuation_reference,0.1,xian_city
sha256:491a384ce6e052bb70ad37ad18d9ed615c759ea964060769a08d9b70741154fb,m3_current_single_edge_v1,"[10.0, 5.0, 2.5]","[39.40188785873554, 39.40188785873554, 39.40188785873554]","[0.0, 0.0]",True,True,eligible_within_tested_discretization,0.1,terrace
sha256:491a384ce6e052bb70ad37ad18d9ed615c759ea964060769a08d9b70741154fb,reference_multi_edge_deygout_v1,"[10.0, 5.0, 2.5]","[41.05273001199886, 42.25383301535159, 43.149962692578995]","[1.2011030033527277, 0.8961296772274068]",True,True,unverified,0.1,terrace
sha256:491a384ce6e052bb70ad37ad18d9ed615c759ea964060769a08d9b70741154fb,sky_horizon_outline_v1,"[10.0, 5.0, 2.5]","[null, null, null]","[null, null]",True,True,not_attenuation_reference,0.1,terrace
sha256:4962cf02b4f76f1d9d67f84766b8b50940d658bf165ac98c7d314473a3a0f923,m3_current_single_edge_v1,"[30.0, 15.0, 7.5]","[39.60518810303817, 39.60518810303817, 39.60518810303817]","[0.0, 0.0]",True,True,eligible_within_tested_discretization,0.1,qinling_mountain
sha256:4962cf02b4f76f1d9d67f84766b8b50940d658bf165ac98c7d314473a3a0f923,reference_multi_edge_deygout_v1,"[30.0, 15.0, 7.5]","[39.60518810303817, 39.60518810303817, 39.60518810303817]","[0.0, 0.0]",True,True,eligible_within_tested_discretization,0.1,qinling_mountain
sha256:4962cf02b4f76f1d9d67f84766b8b50940d658bf165ac98c7d314473a3a0f923,sky_horizon_outline_v1,"[30.0, 15.0, 7.5]","[null, null, null]","[null, null]",True,True,not_attenuation_reference,0.1,qinling_mountain
sha256:49849c26429239da6027179e9b3e63419bb378f4b8ab050aae51abaf17ecd0f1,m3_current_single_edge_v1,"[10.0, 5.0, 2.5]","[0.0, 0.0, 0.0]","[0.0, 0.0]",True,True,eligible_within_tested_discretization,0.1,deep_ridge
sha256:49849c26429239da6027179e9b3e63419bb378f4b8ab050aae51abaf17ecd0f1,reference_multi_edge_deygout_v1,"[10.0, 5.0, 2.5]","[0.0, 0.0, 0.0]","[0.0, 0.0]",True,True,eligible_within_tested_discretization,0.1,deep_ridge
sha256:49849c26429239da6027179e9b3e63419bb378f4b8ab050aae51abaf17ecd0f1,sky_horizon_outline_v1,"[10.0, 5.0, 2.5]","[null, null, null]","[null, null]",True,True,not_attenuation_reference,0.1,deep_ridge
sha256:4a12ab9d351d942a2d03fa2d3eea6ded0bbd843d233a3362e17f41c956b814b0,m3_current_single_edge_v1,"[10.0, 5.0, 2.5]","[null, null, null]","[null, null]",False,True,unavailable,0.1,terrace
sha256:4a12ab9d351d942a2d03fa2d3eea6ded0bbd843d233a3362e17f41c956b814b0,reference_multi_edge_deygout_v1,"[10.0, 5.0, 2.5]","[null, null, null]","[null, null]",False,True,unavailable,0.1,terrace
sha256:4a12ab9d351d942a2d03fa2d3eea6ded0bbd843d233a3362e17f41c956b814b0,sky_horizon_outline_v1,"[10.0, 5.0, 2.5]","[null, null, null]","[null, null]",False,True,not_attenuation_reference,0.1,terrace
sha256:4a13fd505c81fd542190efa2c5351e63e6665996904e63cfc0dfaa34c03ec129,m3_current_single_edge_v1,"[30.0, 15.0, 7.5]","[0.0, 0.0, 0.0]","[0.0, 0.0]",True,True,eligible_within_tested_discretization,0.1,xian_city
sha256:4a13fd505c81fd542190efa2c5351e63e6665996904e63cfc0dfaa34c03ec129,reference_multi_edge_deygout_v1,"[30.0, 15.0, 7.5]","[0.0, 0.0, 0.0]","[0.0, 0.0]",True,True,eligible_within_tested_discretization,0.1,xian_city
sha256:4a13fd505c81fd542190efa2c5351e63e6665996904e63cfc0dfaa34c03ec129,sky_horizon_outline_v1,"[30.0, 15.0, 7.5]","[null, null, null]","[null, null]",True,True,not_attenuation_reference,0.1,xian_city
sha256:4a58a6322094c25b0ad3c2666b1ef84060581412a46cf6d8c3d0b26a62588984,m3_current_single_edge_v1,"[30.0, 15.0, 7.5]","[0.0, 0.0, 0.0]","[0.0, 0.0]",True,True,eligible_within_tested_discretization,0.1,qinling_mountain
sha256:4a58a6322094c25b0ad3c2666b1ef84060581412a46cf6d8c3d0b26a62588984,reference_multi_edge_deygout_v1,"[30.0, 15.0, 7.5]","[0.0, 0.0, 0.0]","[0.0, 0.0]",True,True,eligible_within_tested_discretization,0.1,qinling_mountain
sha256:4a58a6322094c25b0ad3c2666b1ef84060581412a46cf6d8c3d0b26a62588984,sky_horizon_outline_v1,"[30.0, 15.0, 7.5]","[null, null, null]","[null, null]",True,True,not_attenuation_reference,0.1,qinling_mountain
sha256:4a651b8b086fd804b1df94ac72f1bdf222921f3144ecd9ddfe97f453ea6fc992,m3_current_single_edge_v1,"[30.0, 15.0, 7.5]","[52.51348968324991, 52.51348968324991, 52.51348968324991]","[0.0, 0.0]",True,True,eligible_within_tested_discretization,0.1,qinling_mountain
sha256:4a651b8b086fd804b1df94ac72f1bdf222921f3144ecd9ddfe97f453ea6fc992,reference_multi_edge_deygout_v1,"[30.0, 15.0, 7.5]","[86.20476910264334, 86.20476910264334, 86.20476910264334]","[0.0, 0.0]",True,True,eligible_within_tested_discretization,0.1,qinling_mountain
sha256:4a651b8b086fd804b1df94ac72f1bdf222921f3144ecd9ddfe97f453ea6fc992,sky_horizon_outline_v1,"[30.0, 15.0, 7.5]","[null, null, null]","[null, null]",True,True,not_attenuation_reference,0.1,qinling_mountain
sha256:4b9f3e9248413a8b669addc2ee7ad13a27321bba7f0ddf5d5da130227781d3bf,m3_current_single_edge_v1,"[30.0, 15.0, 7.5]","[48.650734627140324, 48.650734627140324, 48.650734627140324]","[0.0, 0.0]",True,True,eligible_within_tested_discretization,0.1,qinling_mountain
sha256:4b9f3e9248413a8b669addc2ee7ad13a27321bba7f0ddf5d5da130227781d3bf,reference_multi_edge_deygout_v1,"[30.0, 15.0, 7.5]","[135.00903865535696, 135.79736261361057, 137.20152463268445]","[0.7883239582536135, 1.4041620190738797]",True,True,unverified,0.1,qinling_mountain
sha256:4b9f3e9248413a8b669addc2ee7ad13a27321bba7f0ddf5d5da130227781d3bf,sky_horizon_outline_v1,"[30.0, 15.0, 7.5]","[null, null, null]","[null, null]",True,True,not_attenuation_reference,0.1,qinling_mountain
sha256:4bbed1d8068161371539de6af719ad901da689b80eeca6d0658e4e6a6125416f,m3_current_single_edge_v1,"[10.0, 5.0, 2.5]","[null, null, null]","[null, null]",False,True,unavailable,0.1,single_ridge
sha256:4bbed1d8068161371539de6af719ad901da689b80eeca6d0658e4e6a6125416f,reference_multi_edge_deygout_v1,"[10.0, 5.0, 2.5]","[null, null, null]","[null, null]",False,True,unavailable,0.1,single_ridge
sha256:4bbed1d8068161371539de6af719ad901da689b80eeca6d0658e4e6a6125416f,sky_horizon_outline_v1,"[10.0, 5.0, 2.5]","[null, null, null]","[null, null]",False,True,not_attenuation_reference,0.1,single_ridge
sha256:4be3d9b61a6669acf009793fe222b6b47d276292acdfab747c9199ce7e9f1c92,m3_current_single_edge_v1,"[10.0, 5.0, 2.5]","[0.0, 0.0, 0.0]","[0.0, 0.0]",True,True,eligible_within_tested_discretization,0.1,double_ridge
sha256:4be3d9b61a6669acf009793fe222b6b47d276292acdfab747c9199ce7e9f1c92,reference_multi_edge_deygout_v1,"[10.0, 5.0, 2.5]","[0.0, 0.0, 0.0]","[0.0, 0.0]",True,True,eligible_within_tested_discretization,0.1,double_ridge
sha256:4be3d9b61a6669acf009793fe222b6b47d276292acdfab747c9199ce7e9f1c92,sky_horizon_outline_v1,"[10.0, 5.0, 2.5]","[null, null, null]","[null, null]",True,True,not_attenuation_reference,0.1,double_ridge
sha256:4c48f11fbc3a5ecf19e3e63246f617174a070d0380116cfe34d22bf4699728d4,m3_current_single_edge_v1,"[10.0, 5.0, 2.5]","[0.0, 0.0, 0.0]","[0.0, 0.0]",True,True,eligible_within_tested_discretization,0.1,flat
sha256:4c48f11fbc3a5ecf19e3e63246f617174a070d0380116cfe34d22bf4699728d4,reference_multi_edge_deygout_v1,"[10.0, 5.0, 2.5]","[0.0, 0.0, 0.0]","[0.0, 0.0]",True,True,eligible_within_tested_discretization,0.1,flat
sha256:4c48f11fbc3a5ecf19e3e63246f617174a070d0380116cfe34d22bf4699728d4,sky_horizon_outline_v1,"[10.0, 5.0, 2.5]","[null, null, null]","[null, null]",True,True,not_attenuation_reference,0.1,flat
sha256:4caa48183ed30f26f097793b59d3d1dc936ca3e134f245ed87c99eb5b8e6bf5f,m3_current_single_edge_v1,"[10.0, 5.0, 2.5]","[66.56632822013606, 66.56632822013606, 66.56632822013606]","[0.0, 0.0]",True,True,eligible_within_tested_discretization,0.1,deep_ridge
sha256:4caa48183ed30f26f097793b59d3d1dc936ca3e134f245ed87c99eb5b8e6bf5f,reference_multi_edge_deygout_v1,"[10.0, 5.0, 2.5]","[68.41304479910355, 69.56617939545775, 70.42316489230684]","[1.1531345963542066, 0.8569854968490915]",True,True,unverified,0.1,deep_ridge
sha256:4caa48183ed30f26f097793b59d3d1dc936ca3e134f245ed87c99eb5b8e6bf5f,sky_horizon_outline_v1,"[10.0, 5.0, 2.5]","[null, null, null]","[null, null]",True,True,not_attenuation_reference,0.1,deep_ridge
sha256:4e3bd766917ea261993eac7d7578a9064ad27a16897ee976779acb00b984cb35,m3_current_single_edge_v1,"[10.0, 5.0, 2.5]","[0.0, 0.0, 0.0]","[0.0, 0.0]",True,True,eligible_within_tested_discretization,0.1,flat
sha256:4e3bd766917ea261993eac7d7578a9064ad27a16897ee976779acb00b984cb35,reference_multi_edge_deygout_v1,"[10.0, 5.0, 2.5]","[0.0, 0.0, 0.0]","[0.0, 0.0]",True,True,eligible_within_tested_discretization,0.1,flat
sha256:4e3bd766917ea261993eac7d7578a9064ad27a16897ee976779acb00b984cb35,sky_horizon_outline_v1,"[10.0, 5.0, 2.5]","[null, null, null]","[null, null]",True,True,not_attenuation_reference,0.1,flat
sha256:4e98ac71a284dd783c1298e026a03c408dcbcc44f9ec99b06e578b1d6fc14a97,m3_current_single_edge_v1,"[10.0, 5.0, 2.5]","[0.0, 0.0, 0.0]","[0.0, 0.0]",True,True,eligible_within_tested_discretization,0.1,flat
sha256:4e98ac71a284dd783c1298e026a03c408dcbcc44f9ec99b06e578b1d6fc14a97,reference_multi_edge_deygout_v1,"[10.0, 5.0, 2.5]","[0.0, 0.0, 0.0]","[0.0, 0.0]",True,True,eligible_within_tested_discretization,0.1,flat
sha256:4e98ac71a284dd783c1298e026a03c408dcbcc44f9ec99b06e578b1d6fc14a97,sky_horizon_outline_v1,"[10.0, 5.0, 2.5]","[null, null, null]","[null, null]",True,True,not_attenuation_reference,0.1,flat
sha256:4ed6cf0985bddbc368457b04c3ac524cae4303a18b488270423b2a415b14dc94,m3_current_single_edge_v1,"[10.0, 5.0, 2.5]","[0.0, 0.0, 0.0]","[0.0, 0.0]",True,True,eligible_within_tested_discretization,0.1,flat
sha256:4ed6cf0985bddbc368457b04c3ac524cae4303a18b488270423b2a415b14dc94,reference_multi_edge_deygout_v1,"[10.0, 5.0, 2.5]","[0.0, 0.0, 0.0]","[0.0, 0.0]",True,True,eligible_within_tested_discretization,0.1,flat
sha256:4ed6cf0985bddbc368457b04c3ac524cae4303a18b488270423b2a415b14dc94,sky_horizon_outline_v1,"[10.0, 5.0, 2.5]","[null, null, null]","[null, null]",True,True,not_attenuation_reference,0.1,flat
sha256:4f14791ba30e24585c9a2342c0b2c6dda4e03e15d71adb63950fad72a192a231,m3_current_single_edge_v1,"[10.0, 5.0, 2.5]","[0.0, 0.0, 0.0]","[0.0, 0.0]",True,True,eligible_within_tested_discretization,0.1,double_ridge
sha256:4f14791ba30e24585c9a2342c0b2c6dda4e03e15d71adb63950fad72a192a231,reference_multi_edge_deygout_v1,"[10.0, 5.0, 2.5]","[0.0, 0.0, 0.0]","[0.0, 0.0]",True,True,eligible_within_tested_discretization,0.1,double_ridge
sha256:4f14791ba30e24585c9a2342c0b2c6dda4e03e15d71adb63950fad72a192a231,sky_horizon_outline_v1,"[10.0, 5.0, 2.5]","[null, null, null]","[null, null]",True,True,not_attenuation_reference,0.1,double_ridge
sha256:50163c4cd902215a628dbb6271469e17b956043476ea3cfaf4e5e74d839bdcf2,m3_current_single_edge_v1,"[10.0, 5.0, 2.5]","[0.0, 0.0, 0.0]","[0.0, 0.0]",True,True,eligible_within_tested_discretization,0.1,terrace
sha256:50163c4cd902215a628dbb6271469e17b956043476ea3cfaf4e5e74d839bdcf2,reference_multi_edge_deygout_v1,"[10.0, 5.0, 2.5]","[0.0, 0.0, 0.0]","[0.0, 0.0]",True,True,eligible_within_tested_discretization,0.1,terrace
sha256:50163c4cd902215a628dbb6271469e17b956043476ea3cfaf4e5e74d839bdcf2,sky_horizon_outline_v1,"[10.0, 5.0, 2.5]","[null, null, null]","[null, null]",True,True,not_attenuation_reference,0.1,terrace
sha256:50873647066d6875f64a1f28275d2702d2bd934c07de9751195061defb27497d,m3_current_single_edge_v1,"[30.0, 15.0, 7.5]","[0.0, 0.0, 0.0]","[0.0, 0.0]",True,True,eligible_within_tested_discretization,0.1,qinling_foothill
sha256:50873647066d6875f64a1f28275d2702d2bd934c07de9751195061defb27497d,reference_multi_edge_deygout_v1,"[30.0, 15.0, 7.5]","[0.0, 0.0, 0.0]","[0.0, 0.0]",True,True,eligible_within_tested_discretization,0.1,qinling_foothill
sha256:50873647066d6875f64a1f28275d2702d2bd934c07de9751195061defb27497d,sky_horizon_outline_v1,"[30.0, 15.0, 7.5]","[null, null, null]","[null, null]",True,True,not_attenuation_reference,0.1,qinling_foothill
sha256:512f382d827d60d8271b4ee9e52aeb0dede64048406e895ec2f5f1c07622f55f,m3_current_single_edge_v1,"[10.0, 5.0, 2.5]","[0.0, 0.0, 0.0]","[0.0, 0.0]",True,True,eligible_within_tested_discretization,0.1,flat
sha256:512f382d827d60d8271b4ee9e52aeb0dede64048406e895ec2f5f1c07622f55f,reference_multi_edge_deygout_v1,"[10.0, 5.0, 2.5]","[0.0, 0.0, 0.0]","[0.0, 0.0]",True,True,eligible_within_tested_discretization,0.1,flat
sha256:512f382d827d60d8271b4ee9e52aeb0dede64048406e895ec2f5f1c07622f55f,sky_horizon_outline_v1,"[10.0, 5.0, 2.5]","[null, null, null]","[null, null]",True,True,not_attenuation_reference,0.1,flat
sha256:519dba30a3920f496967d549062f9900f44c16dc63d7721e13391784e1217267,m3_current_single_edge_v1,"[10.0, 5.0, 2.5]","[0.0, 0.0, 0.0]","[0.0, 0.0]",True,True,eligible_within_tested_discretization,0.1,flat
sha256:519dba30a3920f496967d549062f9900f44c16dc63d7721e13391784e1217267,reference_multi_edge_deygout_v1,"[10.0, 5.0, 2.5]","[0.0, 0.0, 0.0]","[0.0, 0.0]",True,True,eligible_within_tested_discretization,0.1,flat
sha256:519dba30a3920f496967d549062f9900f44c16dc63d7721e13391784e1217267,sky_horizon_outline_v1,"[10.0, 5.0, 2.5]","[null, null, null]","[null, null]",True,True,not_attenuation_reference,0.1,flat
sha256:5244164afbe59193c4dc71a6a7cc0454a0b73c9f62241ae4ab2e1b2f0773f36d,m3_current_single_edge_v1,"[30.0, 15.0, 7.5]","[39.55637266789304, 39.55637266789304, 39.55637266789304]","[0.0, 0.0]",True,True,eligible_within_tested_discretization,0.1,qinling_mountain
sha256:5244164afbe59193c4dc71a6a7cc0454a0b73c9f62241ae4ab2e1b2f0773f36d,reference_multi_edge_deygout_v1,"[30.0, 15.0, 7.5]","[39.55637266789304, 40.295002956033976, 41.710414151951205]","[0.7386302881409392, 1.4154111959172297]",True,True,unverified,0.1,qinling_mountain
sha256:5244164afbe59193c4dc71a6a7cc0454a0b73c9f62241ae4ab2e1b2f0773f36d,sky_horizon_outline_v1,"[30.0, 15.0, 7.5]","[null, null, null]","[null, null]",True,True,not_attenuation_reference,0.1,qinling_mountain
sha256:52e4ba57f4eabbf9d7b6887d22911916f52946f7bc41f6d77c74c694a4de2ff2,m3_current_single_edge_v1,"[30.0, 15.0, 7.5]","[0.0, 0.0, 0.0]","[0.0, 0.0]",True,True,eligible_within_tested_discretization,0.1,qinling_foothill
sha256:52e4ba57f4eabbf9d7b6887d22911916f52946f7bc41f6d77c74c694a4de2ff2,reference_multi_edge_deygout_v1,"[30.0, 15.0, 7.5]","[0.0, 0.0, 0.0]","[0.0, 0.0]",True,True,eligible_within_tested_discretization,0.1,qinling_foothill
sha256:52e4ba57f4eabbf9d7b6887d22911916f52946f7bc41f6d77c74c694a4de2ff2,sky_horizon_outline_v1,"[30.0, 15.0, 7.5]","[null, null, null]","[null, null]",True,True,not_attenuation_reference,0.1,qinling_foothill
sha256:53aa8c5781a03f9092a362225a4c18d7f557fbe13df3637ea7d7edf73b940e76,m3_current_single_edge_v1,"[10.0, 5.0, 2.5]","[46.993966576110545, 46.993966576110545, 46.993966576110545]","[0.0, 0.0]",True,True,eligible_within_tested_discretization,0.1,double_ridge
sha256:53aa8c5781a03f9092a362225a4c18d7f557fbe13df3637ea7d7edf73b940e76,reference_multi_edge_deygout_v1,"[10.0, 5.0, 2.5]","[46.993966576110545, 46.993966576110545, 46.993966576110545]","[0.0, 0.0]",True,True,eligible_within_tested_discretization,0.1,double_ridge
sha256:53aa8c5781a03f9092a362225a4c18d7f557fbe13df3637ea7d7edf73b940e76,sky_horizon_outline_v1,"[10.0, 5.0, 2.5]","[null, null, null]","[null, null]",True,True,not_attenuation_reference,0.1,double_ridge
sha256:55283f481d22b4e6f50626f110d4919f268b31084210af28836237b77be6c2fb,m3_current_single_edge_v1,"[30.0, 15.0, 7.5]","[51.14370899540333, 51.14370899540333, 51.14370899540333]","[0.0, 0.0]",True,True,eligible_within_tested_discretization,0.1,qinling_foothill
sha256:55283f481d22b4e6f50626f110d4919f268b31084210af28836237b77be6c2fb,reference_multi_edge_deygout_v1,"[30.0, 15.0, 7.5]","[88.75574936244462, 89.62759213938746, 91.01273694508453]","[0.8718427769428416, 1.3851448056970668]",True,True,unverified,0.1,qinling_foothill
sha256:55283f481d22b4e6f50626f110d4919f268b31084210af28836237b77be6c2fb,sky_horizon_outline_v1,"[30.0, 15.0, 7.5]","[null, null, null]","[null, null]",True,True,not_attenuation_reference,0.1,qinling_foothill
sha256:55bcbd4d4bfdbcffe09e4b4e1a974840cbb58ee6060891459de8cfebff4d8b9e,m3_current_single_edge_v1,"[10.0, 5.0, 2.5]","[46.99414367332151, 46.99414367332151, 46.99414367332151]","[0.0, 0.0]",True,True,eligible_within_tested_discretization,0.1,double_ridge
sha256:55bcbd4d4bfdbcffe09e4b4e1a974840cbb58ee6060891459de8cfebff4d8b9e,reference_multi_edge_deygout_v1,"[10.0, 5.0, 2.5]","[46.99414367332151, 46.99414367332151, 46.99414367332151]","[0.0, 0.0]",True,True,eligible_within_tested_discretization,0.1,double_ridge
sha256:55bcbd4d4bfdbcffe09e4b4e1a974840cbb58ee6060891459de8cfebff4d8b9e,sky_horizon_outline_v1,"[10.0, 5.0, 2.5]","[null, null, null]","[null, null]",True,True,not_attenuation_reference,0.1,double_ridge
sha256:56a60c8771cdb3a03e2af5d0def01c9301d013e55396af1eeaf471723423eac0,m3_current_single_edge_v1,"[10.0, 5.0, 2.5]","[0.0, 0.0, 0.0]","[0.0, 0.0]",True,True,eligible_within_tested_discretization,0.1,single_ridge
sha256:56a60c8771cdb3a03e2af5d0def01c9301d013e55396af1eeaf471723423eac0,reference_multi_edge_deygout_v1,"[10.0, 5.0, 2.5]","[0.0, 0.0, 0.0]","[0.0, 0.0]",True,True,eligible_within_tested_discretization,0.1,single_ridge
sha256:56a60c8771cdb3a03e2af5d0def01c9301d013e55396af1eeaf471723423eac0,sky_horizon_outline_v1,"[10.0, 5.0, 2.5]","[null, null, null]","[null, null]",True,True,not_attenuation_reference,0.1,single_ridge
sha256:56f2d3468a5d3bfd520ca52376e7045a16f6fcc8911dbdfedb35015b4bfcf83c,m3_current_single_edge_v1,"[30.0, 15.0, 7.5]","[0.0, 0.0, 0.0]","[0.0, 0.0]",True,True,eligible_within_tested_discretization,0.1,xian_city
sha256:56f2d3468a5d3bfd520ca52376e7045a16f6fcc8911dbdfedb35015b4bfcf83c,reference_multi_edge_deygout_v1,"[30.0, 15.0, 7.5]","[0.0, 0.0, 0.0]","[0.0, 0.0]",True,True,eligible_within_tested_discretization,0.1,xian_city
sha256:56f2d3468a5d3bfd520ca52376e7045a16f6fcc8911dbdfedb35015b4bfcf83c,sky_horizon_outline_v1,"[30.0, 15.0, 7.5]","[null, null, null]","[null, null]",True,True,not_attenuation_reference,0.1,xian_city
sha256:570598282ccbaa7c9055a7f28466fdff580c1cc1adf9a56780e30b8a5a149a1b,m3_current_single_edge_v1,"[30.0, 15.0, 7.5]","[0.0, 0.0, 0.0]","[0.0, 0.0]",True,True,eligible_within_tested_discretization,0.1,qinling_foothill
sha256:570598282ccbaa7c9055a7f28466fdff580c1cc1adf9a56780e30b8a5a149a1b,reference_multi_edge_deygout_v1,"[30.0, 15.0, 7.5]","[0.0, 0.0, 0.0]","[0.0, 0.0]",True,True,eligible_within_tested_discretization,0.1,qinling_foothill
sha256:570598282ccbaa7c9055a7f28466fdff580c1cc1adf9a56780e30b8a5a149a1b,sky_horizon_outline_v1,"[30.0, 15.0, 7.5]","[null, null, null]","[null, null]",True,True,not_attenuation_reference,0.1,qinling_foothill
sha256:586556e3184542589ddce52775b59cb8bf3fb93b797d740884799a13a3a49e6b,m3_current_single_edge_v1,"[10.0, 5.0, 2.5]","[0.0, 0.0, 0.0]","[0.0, 0.0]",True,True,eligible_within_tested_discretization,0.1,flat
sha256:586556e3184542589ddce52775b59cb8bf3fb93b797d740884799a13a3a49e6b,reference_multi_edge_deygout_v1,"[10.0, 5.0, 2.5]","[0.0, 0.0, 0.0]","[0.0, 0.0]",True,True,eligible_within_tested_discretization,0.1,flat
sha256:586556e3184542589ddce52775b59cb8bf3fb93b797d740884799a13a3a49e6b,sky_horizon_outline_v1,"[10.0, 5.0, 2.5]","[null, null, null]","[null, null]",True,True,not_attenuation_reference,0.1,flat
sha256:58ef45634a044d9f2c09aa17a1ba49924caba319c99071ef6da43e74b59fd995,m3_current_single_edge_v1,"[10.0, 5.0, 2.5]","[48.37809656047226, 48.37809656047226, 48.37809656047226]","[0.0, 0.0]",True,True,eligible_within_tested_discretization,0.1,double_ridge
sha256:58ef45634a044d9f2c09aa17a1ba49924caba319c99071ef6da43e74b59fd995,reference_multi_edge_deygout_v1,"[10.0, 5.0, 2.5]","[50.044614919769074, 51.241966757230685, 52.13497541419637]","[1.1973518374616106, 0.8930086569656837]",True,True,unverified,0.1,double_ridge
sha256:58ef45634a044d9f2c09aa17a1ba49924caba319c99071ef6da43e74b59fd995,sky_horizon_outline_v1,"[10.0, 5.0, 2.5]","[null, null, null]","[null, null]",True,True,not_attenuation_reference,0.1,double_ridge
sha256:590617f1e40c88642332deaf31ddc066268be2aea82335b7271a0618f10dc8a2,m3_current_single_edge_v1,"[30.0, 15.0, 7.5]","[28.8101877295175, 28.8101877295175, 28.8101877295175]","[0.0, 0.0]",True,True,eligible_within_tested_discretization,0.1,qinling_mountain
sha256:590617f1e40c88642332deaf31ddc066268be2aea82335b7271a0618f10dc8a2,reference_multi_edge_deygout_v1,"[30.0, 15.0, 7.5]","[28.810187729517494, 29.707761869609453, 31.087008088985502]","[0.8975741400919581, 1.37924621937605]",True,True,unverified,0.1,qinling_mountain
sha256:590617f1e40c88642332deaf31ddc066268be2aea82335b7271a0618f10dc8a2,sky_horizon_outline_v1,"[30.0, 15.0, 7.5]","[null, null, null]","[null, null]",True,True,not_attenuation_reference,0.1,qinling_mountain
sha256:596f23bd8b511d5c637f4b62c682f2d34022381ab05d33ee796a1068b2f4630b,m3_current_single_edge_v1,"[30.0, 15.0, 7.5]","[0.0, 0.0, 0.0]","[0.0, 0.0]",True,True,eligible_within_tested_discretization,0.1,qinling_foothill
sha256:596f23bd8b511d5c637f4b62c682f2d34022381ab05d33ee796a1068b2f4630b,reference_multi_edge_deygout_v1,"[30.0, 15.0, 7.5]","[0.0, 0.0, 0.0]","[0.0, 0.0]",True,True,eligible_within_tested_discretization,0.1,qinling_foothill
sha256:596f23bd8b511d5c637f4b62c682f2d34022381ab05d33ee796a1068b2f4630b,sky_horizon_outline_v1,"[30.0, 15.0, 7.5]","[null, null, null]","[null, null]",True,True,not_attenuation_reference,0.1,qinling_foothill
sha256:59e3b05a36e22501d3f0d6dec1f6d300cd4ad1a701c83b1687a82b5bcad23f14,m3_current_single_edge_v1,"[10.0, 5.0, 2.5]","[42.962838904928766, 42.962838904928766, 42.962838904928766]","[0.0, 0.0]",True,True,eligible_within_tested_discretization,0.1,single_ridge
sha256:59e3b05a36e22501d3f0d6dec1f6d300cd4ad1a701c83b1687a82b5bcad23f14,reference_multi_edge_deygout_v1,"[10.0, 5.0, 2.5]","[45.25861508945663, 45.90409920188209, 46.77663761086619]","[0.6454841124254571, 0.8725384089840986]",True,True,unverified,0.1,single_ridge
sha256:59e3b05a36e22501d3f0d6dec1f6d300cd4ad1a701c83b1687a82b5bcad23f14,sky_horizon_outline_v1,"[10.0, 5.0, 2.5]","[null, null, null]","[null, null]",True,True,not_attenuation_reference,0.1,single_ridge
sha256:5a9b5250a89763e164deabd6f144b437407ca69841d557b26b41eafcf04a12a4,m3_current_single_edge_v1,"[10.0, 5.0, 2.5]","[32.96233817434029, 32.96233817434029, 32.96233817434029]","[0.0, 0.0]",True,True,eligible_within_tested_discretization,0.1,single_ridge
sha256:5a9b5250a89763e164deabd6f144b437407ca69841d557b26b41eafcf04a12a4,reference_multi_edge_deygout_v1,"[10.0, 5.0, 2.5]","[37.779345648811905, 38.13236183727741, 38.38371289146893]","[0.353016188465503, 0.2513510541915238]",True,True,unverified,0.1,single_ridge
sha256:5a9b5250a89763e164deabd6f144b437407ca69841d557b26b41eafcf04a12a4,sky_horizon_outline_v1,"[10.0, 5.0, 2.5]","[null, null, null]","[null, null]",True,True,not_attenuation_reference,0.1,single_ridge
sha256:5b15010bf98237cd269be71f2149be960ffdf8434859968845684f280d0cbf20,m3_current_single_edge_v1,"[10.0, 5.0, 2.5]","[65.17043921644392, 65.17043921644392, 65.17043921644392]","[0.0, 0.0]",True,True,eligible_within_tested_discretization,0.1,deep_ridge
sha256:5b15010bf98237cd269be71f2149be960ffdf8434859968845684f280d0cbf20,reference_multi_edge_deygout_v1,"[10.0, 5.0, 2.5]","[65.17043921644392, 65.17043921644392, 65.17043921644392]","[0.0, 0.0]",True,True,eligible_within_tested_discretization,0.1,deep_ridge
sha256:5b15010bf98237cd269be71f2149be960ffdf8434859968845684f280d0cbf20,sky_horizon_outline_v1,"[10.0, 5.0, 2.5]","[null, null, null]","[null, null]",True,True,not_attenuation_reference,0.1,deep_ridge
sha256:5b8f047e26b5737ff376e8c4ef5fc7c2839914838aac7a771f5144dd9bd11474,m3_current_single_edge_v1,"[10.0, 5.0, 2.5]","[null, null, null]","[null, null]",False,True,unavailable,0.1,terrace
sha256:5b8f047e26b5737ff376e8c4ef5fc7c2839914838aac7a771f5144dd9bd11474,reference_multi_edge_deygout_v1,"[10.0, 5.0, 2.5]","[null, null, null]","[null, null]",False,True,unavailable,0.1,terrace
sha256:5b8f047e26b5737ff376e8c4ef5fc7c2839914838aac7a771f5144dd9bd11474,sky_horizon_outline_v1,"[10.0, 5.0, 2.5]","[null, null, null]","[null, null]",False,True,not_attenuation_reference,0.1,terrace
sha256:5b911c66b94c0ad8b5b50339b279ac310b81101d80ae12324e3e0d6aa033809f,m3_current_single_edge_v1,"[10.0, 5.0, 2.5]","[0.0, 0.0, 0.0]","[0.0, 0.0]",True,True,eligible_within_tested_discretization,0.1,single_ridge
sha256:5b911c66b94c0ad8b5b50339b279ac310b81101d80ae12324e3e0d6aa033809f,reference_multi_edge_deygout_v1,"[10.0, 5.0, 2.5]","[0.0, 0.0, 0.0]","[0.0, 0.0]",True,True,eligible_within_tested_discretization,0.1,single_ridge
sha256:5b911c66b94c0ad8b5b50339b279ac310b81101d80ae12324e3e0d6aa033809f,sky_horizon_outline_v1,"[10.0, 5.0, 2.5]","[null, null, null]","[null, null]",True,True,not_attenuation_reference,0.1,single_ridge
sha256:5c6c5284825dcc8fb519415556359c68240e0f1937415f95e47802977b7efae4,m3_current_single_edge_v1,"[10.0, 5.0, 2.5]","[46.993966576110545, 46.993966576110545, 46.993966576110545]","[0.0, 0.0]",True,True,eligible_within_tested_discretization,0.1,double_ridge
sha256:5c6c5284825dcc8fb519415556359c68240e0f1937415f95e47802977b7efae4,reference_multi_edge_deygout_v1,"[10.0, 5.0, 2.5]","[46.993966576110545, 46.993966576110545, 46.993966576110545]","[0.0, 0.0]",True,True,eligible_within_tested_discretization,0.1,double_ridge
sha256:5c6c5284825dcc8fb519415556359c68240e0f1937415f95e47802977b7efae4,sky_horizon_outline_v1,"[10.0, 5.0, 2.5]","[null, null, null]","[null, null]",True,True,not_attenuation_reference,0.1,double_ridge
sha256:5cf97b33ff246e6bd16f1c2d09a7cea11273ff38fa98ebc0708de504a7b4ecad,m3_current_single_edge_v1,"[10.0, 5.0, 2.5]","[0.0, 0.0, 0.0]","[0.0, 0.0]",True,True,eligible_within_tested_discretization,0.1,deep_ridge
sha256:5cf97b33ff246e6bd16f1c2d09a7cea11273ff38fa98ebc0708de504a7b4ecad,reference_multi_edge_deygout_v1,"[10.0, 5.0, 2.5]","[0.0, 0.0, 0.0]","[0.0, 0.0]",True,True,eligible_within_tested_discretization,0.1,deep_ridge
sha256:5cf97b33ff246e6bd16f1c2d09a7cea11273ff38fa98ebc0708de504a7b4ecad,sky_horizon_outline_v1,"[10.0, 5.0, 2.5]","[null, null, null]","[null, null]",True,True,not_attenuation_reference,0.1,deep_ridge
sha256:5da172629ed6482f039b0bd74aa88245c1b2ae2f8a6057b1b09b192288aed831,m3_current_single_edge_v1,"[30.0, 15.0, 7.5]","[0.0, 0.0, 0.0]","[0.0, 0.0]",True,True,eligible_within_tested_discretization,0.1,qinling_mountain
sha256:5da172629ed6482f039b0bd74aa88245c1b2ae2f8a6057b1b09b192288aed831,reference_multi_edge_deygout_v1,"[30.0, 15.0, 7.5]","[0.0, 0.0, 0.0]","[0.0, 0.0]",True,True,eligible_within_tested_discretization,0.1,qinling_mountain
sha256:5da172629ed6482f039b0bd74aa88245c1b2ae2f8a6057b1b09b192288aed831,sky_horizon_outline_v1,"[30.0, 15.0, 7.5]","[null, null, null]","[null, null]",True,True,not_attenuation_reference,0.1,qinling_mountain
sha256:5e832adab0850fafd1e7d92f3198e15952ab66e4821c4c5a331784c0e72257e3,m3_current_single_edge_v1,"[10.0, 5.0, 2.5]","[0.0, 0.0, 0.0]","[0.0, 0.0]",True,True,eligible_within_tested_discretization,0.1,terrace
sha256:5e832adab0850fafd1e7d92f3198e15952ab66e4821c4c5a331784c0e72257e3,reference_multi_edge_deygout_v1,"[10.0, 5.0, 2.5]","[0.0, 0.0, 0.0]","[0.0, 0.0]",True,True,eligible_within_tested_discretization,0.1,terrace
sha256:5e832adab0850fafd1e7d92f3198e15952ab66e4821c4c5a331784c0e72257e3,sky_horizon_outline_v1,"[10.0, 5.0, 2.5]","[null, null, null]","[null, null]",True,True,not_attenuation_reference,0.1,terrace
sha256:5f115610995852f19ee14d106be8a827d00adf2a1e4cf987a0d17c059b4a4f38,m3_current_single_edge_v1,"[10.0, 5.0, 2.5]","[42.81857995602273, 42.81857995602273, 42.81857995602273]","[0.0, 0.0]",True,True,eligible_within_tested_discretization,0.1,single_ridge
sha256:5f115610995852f19ee14d106be8a827d00adf2a1e4cf987a0d17c059b4a4f38,reference_multi_edge_deygout_v1,"[10.0, 5.0, 2.5]","[42.81857995602273, 42.81857995602273, 42.81857995602273]","[0.0, 0.0]",True,True,eligible_within_tested_discretization,0.1,single_ridge
sha256:5f115610995852f19ee14d106be8a827d00adf2a1e4cf987a0d17c059b4a4f38,sky_horizon_outline_v1,"[10.0, 5.0, 2.5]","[null, null, null]","[null, null]",True,True,not_attenuation_reference,0.1,single_ridge
sha256:5f34486c934a19c1b666fc2db3f91186ffa719d3e568f0106798a6d964843e0e,m3_current_single_edge_v1,"[10.0, 5.0, 2.5]","[null, null, null]","[null, null]",False,True,unavailable,0.1,flat
sha256:5f34486c934a19c1b666fc2db3f91186ffa719d3e568f0106798a6d964843e0e,reference_multi_edge_deygout_v1,"[10.0, 5.0, 2.5]","[null, null, null]","[null, null]",False,True,unavailable,0.1,flat
sha256:5f34486c934a19c1b666fc2db3f91186ffa719d3e568f0106798a6d964843e0e,sky_horizon_outline_v1,"[10.0, 5.0, 2.5]","[null, null, null]","[null, null]",False,True,not_attenuation_reference,0.1,flat
sha256:61604541939ba2089b75a55ddb5a481dc3781bdc147eb0ae0a143c2ce3f2836d,m3_current_single_edge_v1,"[10.0, 5.0, 2.5]","[null, null, null]","[null, null]",False,True,unavailable,0.1,deep_ridge
sha256:61604541939ba2089b75a55ddb5a481dc3781bdc147eb0ae0a143c2ce3f2836d,reference_multi_edge_deygout_v1,"[10.0, 5.0, 2.5]","[null, null, null]","[null, null]",False,True,unavailable,0.1,deep_ridge
sha256:61604541939ba2089b75a55ddb5a481dc3781bdc147eb0ae0a143c2ce3f2836d,sky_horizon_outline_v1,"[10.0, 5.0, 2.5]","[null, null, null]","[null, null]",False,True,not_attenuation_reference,0.1,deep_ridge
sha256:61a4ee48b2715c9d81924c864543340fd33f478e3b0f41f78ccd177f8534c78a,m3_current_single_edge_v1,"[10.0, 5.0, 2.5]","[0.0, 0.0, 0.0]","[0.0, 0.0]",True,True,eligible_within_tested_discretization,0.1,single_ridge
sha256:61a4ee48b2715c9d81924c864543340fd33f478e3b0f41f78ccd177f8534c78a,reference_multi_edge_deygout_v1,"[10.0, 5.0, 2.5]","[0.0, 0.0, 0.0]","[0.0, 0.0]",True,True,eligible_within_tested_discretization,0.1,single_ridge
sha256:61a4ee48b2715c9d81924c864543340fd33f478e3b0f41f78ccd177f8534c78a,sky_horizon_outline_v1,"[10.0, 5.0, 2.5]","[null, null, null]","[null, null]",True,True,not_attenuation_reference,0.1,single_ridge
sha256:61c28f99f3d7b4027a1b90c4c695a0a507d0abe6339db62279b0ff307966feb2,m3_current_single_edge_v1,"[10.0, 5.0, 2.5]","[0.0, 0.0, 0.0]","[0.0, 0.0]",True,True,eligible_within_tested_discretization,0.1,double_ridge
sha256:61c28f99f3d7b4027a1b90c4c695a0a507d0abe6339db62279b0ff307966feb2,reference_multi_edge_deygout_v1,"[10.0, 5.0, 2.5]","[0.0, 0.0, 0.0]","[0.0, 0.0]",True,True,eligible_within_tested_discretization,0.1,double_ridge
sha256:61c28f99f3d7b4027a1b90c4c695a0a507d0abe6339db62279b0ff307966feb2,sky_horizon_outline_v1,"[10.0, 5.0, 2.5]","[null, null, null]","[null, null]",True,True,not_attenuation_reference,0.1,double_ridge
sha256:622d9dc023f7e9f460e6c130362207968e8d1fa3edf50d1af1b51e9a53663102,m3_current_single_edge_v1,"[30.0, 15.0, 7.5]","[0.0, 0.0, 0.0]","[0.0, 0.0]",True,True,eligible_within_tested_discretization,0.1,qinling_mountain
sha256:622d9dc023f7e9f460e6c130362207968e8d1fa3edf50d1af1b51e9a53663102,reference_multi_edge_deygout_v1,"[30.0, 15.0, 7.5]","[0.0, 0.0, 0.0]","[0.0, 0.0]",True,True,eligible_within_tested_discretization,0.1,qinling_mountain
sha256:622d9dc023f7e9f460e6c130362207968e8d1fa3edf50d1af1b51e9a53663102,sky_horizon_outline_v1,"[30.0, 15.0, 7.5]","[null, null, null]","[null, null]",True,True,not_attenuation_reference,0.1,qinling_mountain
sha256:627e9335482aee5a54c43441381c941ac22c5480e66930ed07ac2f50d36184c2,m3_current_single_edge_v1,"[10.0, 5.0, 2.5]","[40.31467685998195, 40.31467685998195, 40.31467685998195]","[0.0, 0.0]",True,True,eligible_within_tested_discretization,0.1,single_ridge
sha256:627e9335482aee5a54c43441381c941ac22c5480e66930ed07ac2f50d36184c2,reference_multi_edge_deygout_v1,"[10.0, 5.0, 2.5]","[40.31467685998195, 40.31467685998195, 40.31467685998195]","[0.0, 0.0]",True,True,eligible_within_tested_discretization,0.1,single_ridge
sha256:627e9335482aee5a54c43441381c941ac22c5480e66930ed07ac2f50d36184c2,sky_horizon_outline_v1,"[10.0, 5.0, 2.5]","[null, null, null]","[null, null]",True,True,not_attenuation_reference,0.1,single_ridge
sha256:62b11e5207fa5c07afc35333c30535a9c1c82078dc66ed50acaa34b0f39ab299,m3_current_single_edge_v1,"[30.0, 15.0, 7.5]","[0.0, 0.0, 0.0]","[0.0, 0.0]",True,True,eligible_within_tested_discretization,0.1,qinling_foothill
sha256:62b11e5207fa5c07afc35333c30535a9c1c82078dc66ed50acaa34b0f39ab299,reference_multi_edge_deygout_v1,"[30.0, 15.0, 7.5]","[0.0, 0.0, 0.0]","[0.0, 0.0]",True,True,eligible_within_tested_discretization,0.1,qinling_foothill
sha256:62b11e5207fa5c07afc35333c30535a9c1c82078dc66ed50acaa34b0f39ab299,sky_horizon_outline_v1,"[30.0, 15.0, 7.5]","[null, null, null]","[null, null]",True,True,not_attenuation_reference,0.1,qinling_foothill
sha256:630b3aaca966ebb4d7fbd6de48b79c818ce68f7d3b5f08eda16c960a5b8f6413,m3_current_single_edge_v1,"[10.0, 5.0, 2.5]","[0.0, 0.0, 0.0]","[0.0, 0.0]",True,True,eligible_within_tested_discretization,0.1,flat
sha256:630b3aaca966ebb4d7fbd6de48b79c818ce68f7d3b5f08eda16c960a5b8f6413,reference_multi_edge_deygout_v1,"[10.0, 5.0, 2.5]","[0.0, 0.0, 0.0]","[0.0, 0.0]",True,True,eligible_within_tested_discretization,0.1,flat
sha256:630b3aaca966ebb4d7fbd6de48b79c818ce68f7d3b5f08eda16c960a5b8f6413,sky_horizon_outline_v1,"[10.0, 5.0, 2.5]","[null, null, null]","[null, null]",True,True,not_attenuation_reference,0.1,flat
sha256:63beadd3e59b67633d9321696a23217f92a562815865ceeee0b05af69275e367,m3_current_single_edge_v1,"[30.0, 15.0, 7.5]","[0.0, 0.0, 0.0]","[0.0, 0.0]",True,True,eligible_within_tested_discretization,0.1,xian_city
sha256:63beadd3e59b67633d9321696a23217f92a562815865ceeee0b05af69275e367,reference_multi_edge_deygout_v1,"[30.0, 15.0, 7.5]","[0.0, 0.0, 0.0]","[0.0, 0.0]",True,True,eligible_within_tested_discretization,0.1,xian_city
sha256:63beadd3e59b67633d9321696a23217f92a562815865ceeee0b05af69275e367,sky_horizon_outline_v1,"[30.0, 15.0, 7.5]","[null, null, null]","[null, null]",True,True,not_attenuation_reference,0.1,xian_city
sha256:65707978b95c01c22060d1fc0aaf1498351b8c2b07d2eda548671efbe5dd7aa6,m3_current_single_edge_v1,"[30.0, 15.0, 7.5]","[55.16757612533878, 55.16757612533878, 55.16757612533878]","[0.0, 0.0]",True,True,eligible_within_tested_discretization,0.1,qinling_mountain
sha256:65707978b95c01c22060d1fc0aaf1498351b8c2b07d2eda548671efbe5dd7aa6,reference_multi_edge_deygout_v1,"[30.0, 15.0, 7.5]","[176.4615913453503, 177.5228208625017, 178.86431935704672]","[1.0612295171513892, 1.3414984945450215]",True,True,unverified,0.1,qinling_mountain
sha256:65707978b95c01c22060d1fc0aaf1498351b8c2b07d2eda548671efbe5dd7aa6,sky_horizon_outline_v1,"[30.0, 15.0, 7.5]","[null, null, null]","[null, null]",True,True,not_attenuation_reference,0.1,qinling_mountain
sha256:661c56b6f306cfafa778914954cde2a4b0d55b27fb331b21484a6dcd64d2b3ac,m3_current_single_edge_v1,"[30.0, 15.0, 7.5]","[0.0, 0.0, 0.0]","[0.0, 0.0]",True,True,eligible_within_tested_discretization,0.1,xian_city
sha256:661c56b6f306cfafa778914954cde2a4b0d55b27fb331b21484a6dcd64d2b3ac,reference_multi_edge_deygout_v1,"[30.0, 15.0, 7.5]","[0.0, 0.0, 0.0]","[0.0, 0.0]",True,True,eligible_within_tested_discretization,0.1,xian_city
sha256:661c56b6f306cfafa778914954cde2a4b0d55b27fb331b21484a6dcd64d2b3ac,sky_horizon_outline_v1,"[30.0, 15.0, 7.5]","[null, null, null]","[null, null]",True,True,not_attenuation_reference,0.1,xian_city
sha256:66a34406bac4c3c16432c43b5e6cdc100bf8092fbc1cd51c0500f2a4f66ee9ea,m3_current_single_edge_v1,"[10.0, 5.0, 2.5]","[null, null, null]","[null, null]",False,True,unavailable,0.1,single_ridge
sha256:66a34406bac4c3c16432c43b5e6cdc100bf8092fbc1cd51c0500f2a4f66ee9ea,reference_multi_edge_deygout_v1,"[10.0, 5.0, 2.5]","[null, null, null]","[null, null]",False,True,unavailable,0.1,single_ridge
sha256:66a34406bac4c3c16432c43b5e6cdc100bf8092fbc1cd51c0500f2a4f66ee9ea,sky_horizon_outline_v1,"[10.0, 5.0, 2.5]","[null, null, null]","[null, null]",False,True,not_attenuation_reference,0.1,single_ridge
sha256:671dd335cc1ef29fa1b4892d69786e8446c8f1397445c08e1a086ba995dbfdf6,m3_current_single_edge_v1,"[10.0, 5.0, 2.5]","[0.0, 0.0, 0.0]","[0.0, 0.0]",True,True,eligible_within_tested_discretization,0.1,double_ridge
sha256:671dd335cc1ef29fa1b4892d69786e8446c8f1397445c08e1a086ba995dbfdf6,reference_multi_edge_deygout_v1,"[10.0, 5.0, 2.5]","[0.0, 0.0, 0.0]","[0.0, 0.0]",True,True,eligible_within_tested_discretization,0.1,double_ridge
sha256:671dd335cc1ef29fa1b4892d69786e8446c8f1397445c08e1a086ba995dbfdf6,sky_horizon_outline_v1,"[10.0, 5.0, 2.5]","[null, null, null]","[null, null]",True,True,not_attenuation_reference,0.1,double_ridge
sha256:6931cb8db8d5b66d37f3af48f5bfab6e7bd5384c86af41dd8088092291c715b4,m3_current_single_edge_v1,"[30.0, 15.0, 7.5]","[0.0, 0.0, 0.0]","[0.0, 0.0]",True,True,eligible_within_tested_discretization,0.1,xian_city
sha256:6931cb8db8d5b66d37f3af48f5bfab6e7bd5384c86af41dd8088092291c715b4,reference_multi_edge_deygout_v1,"[30.0, 15.0, 7.5]","[0.0, 0.0, 0.0]","[0.0, 0.0]",True,True,eligible_within_tested_discretization,0.1,xian_city
sha256:6931cb8db8d5b66d37f3af48f5bfab6e7bd5384c86af41dd8088092291c715b4,sky_horizon_outline_v1,"[30.0, 15.0, 7.5]","[null, null, null]","[null, null]",True,True,not_attenuation_reference,0.1,xian_city
sha256:6971ce5132621a757225bdbdb6108dc278a8589fc549d17a5ef4a669593b4fb5,m3_current_single_edge_v1,"[10.0, 5.0, 2.5]","[53.55097948631476, 53.55097948631476, 53.55097948631476]","[0.0, 0.0]",True,True,eligible_within_tested_discretization,0.1,deep_ridge
sha256:6971ce5132621a757225bdbdb6108dc278a8589fc549d17a5ef4a669593b4fb5,reference_multi_edge_deygout_v1,"[10.0, 5.0, 2.5]","[54.04578449288042, 55.51556032500826, 56.63938909373141]","[1.4697758321278371, 1.1238287687231505]",True,True,unverified,0.1,deep_ridge
sha256:6971ce5132621a757225bdbdb6108dc278a8589fc549d17a5ef4a669593b4fb5,sky_horizon_outline_v1,"[10.0, 5.0, 2.5]","[null, null, null]","[null, null]",True,True,not_attenuation_reference,0.1,deep_ridge
sha256:6a3af129f75a84ac625c1b7a6e7c30b220dc3894bbbc72588a3ec97d7e77aeae,m3_current_single_edge_v1,"[10.0, 5.0, 2.5]","[0.0, 0.0, 0.0]","[0.0, 0.0]",True,True,eligible_within_tested_discretization,0.1,double_ridge
sha256:6a3af129f75a84ac625c1b7a6e7c30b220dc3894bbbc72588a3ec97d7e77aeae,reference_multi_edge_deygout_v1,"[10.0, 5.0, 2.5]","[0.0, 0.0, 0.0]","[0.0, 0.0]",True,True,eligible_within_tested_discretization,0.1,double_ridge
sha256:6a3af129f75a84ac625c1b7a6e7c30b220dc3894bbbc72588a3ec97d7e77aeae,sky_horizon_outline_v1,"[10.0, 5.0, 2.5]","[null, null, null]","[null, null]",True,True,not_attenuation_reference,0.1,double_ridge
sha256:6b8392590d461899b9aa4b190b4efa2b6f6228d03f81f88e584cf2b34f4b30da,m3_current_single_edge_v1,"[30.0, 15.0, 7.5]","[0.0, 0.0, 0.0]","[0.0, 0.0]",True,True,eligible_within_tested_discretization,0.1,qinling_foothill
sha256:6b8392590d461899b9aa4b190b4efa2b6f6228d03f81f88e584cf2b34f4b30da,reference_multi_edge_deygout_v1,"[30.0, 15.0, 7.5]","[0.0, 0.0, 0.0]","[0.0, 0.0]",True,True,eligible_within_tested_discretization,0.1,qinling_foothill
sha256:6b8392590d461899b9aa4b190b4efa2b6f6228d03f81f88e584cf2b34f4b30da,sky_horizon_outline_v1,"[30.0, 15.0, 7.5]","[null, null, null]","[null, null]",True,True,not_attenuation_reference,0.1,qinling_foothill
sha256:6bf6c2ac103f5711460601c6b1000e96528756c29e58a84d5c4801d637856aa4,m3_current_single_edge_v1,"[30.0, 15.0, 7.5]","[54.36788503360697, 54.36788503360697, 54.36788503360697]","[0.0, 0.0]",True,True,eligible_within_tested_discretization,0.1,qinling_mountain
sha256:6bf6c2ac103f5711460601c6b1000e96528756c29e58a84d5c4801d637856aa4,reference_multi_edge_deygout_v1,"[30.0, 15.0, 7.5]","[106.97272651159587, 107.874329896466, 109.25266463503796]","[0.9016033848701284, 1.378334738571965]",True,True,unverified,0.1,qinling_mountain
sha256:6bf6c2ac103f5711460601c6b1000e96528756c29e58a84d5c4801d637856aa4,sky_horizon_outline_v1,"[30.0, 15.0, 7.5]","[null, null, null]","[null, null]",True,True,not_attenuation_reference,0.1,qinling_mountain
sha256:6c822b712c485aba6161bbacb12adda7099d1d928899ff47fe7fd61e6b62aec6,m3_current_single_edge_v1,"[10.0, 5.0, 2.5]","[44.619618964243514, 44.619618964243514, 44.619618964243514]","[0.0, 0.0]",True,True,eligible_within_tested_discretization,0.1,single_ridge
sha256:6c822b712c485aba6161bbacb12adda7099d1d928899ff47fe7fd61e6b62aec6,reference_multi_edge_deygout_v1,"[10.0, 5.0, 2.5]","[46.27501559443955, 47.475077109585705, 48.37030512101717]","[1.2000615151461531, 0.8952280114314632]",True,True,unverified,0.1,single_ridge
sha256:6c822b712c485aba6161bbacb12adda7099d1d928899ff47fe7fd61e6b62aec6,sky_horizon_outline_v1,"[10.0, 5.0, 2.5]","[null, null, null]","[null, null]",True,True,not_attenuation_reference,0.1,single_ridge
sha256:6cbfa97c73e0abb5e3515586dd9d2167b3114cbdc6a55fba9645656331de0077,m3_current_single_edge_v1,"[10.0, 5.0, 2.5]","[0.0, 0.0, 0.0]","[0.0, 0.0]",True,True,eligible_within_tested_discretization,0.1,double_ridge
sha256:6cbfa97c73e0abb5e3515586dd9d2167b3114cbdc6a55fba9645656331de0077,reference_multi_edge_deygout_v1,"[10.0, 5.0, 2.5]","[0.0, 0.0, 0.0]","[0.0, 0.0]",True,True,eligible_within_tested_discretization,0.1,double_ridge
sha256:6cbfa97c73e0abb5e3515586dd9d2167b3114cbdc6a55fba9645656331de0077,sky_horizon_outline_v1,"[10.0, 5.0, 2.5]","[null, null, null]","[null, null]",True,True,not_attenuation_reference,0.1,double_ridge
sha256:6cddd9ac0643eee0438eedce530cdb05d2e277050dd8bc256ba30b6d4cb11b77,m3_current_single_edge_v1,"[10.0, 5.0, 2.5]","[0.0, 0.0, 0.0]","[0.0, 0.0]",True,True,eligible_within_tested_discretization,0.1,terrace
sha256:6cddd9ac0643eee0438eedce530cdb05d2e277050dd8bc256ba30b6d4cb11b77,reference_multi_edge_deygout_v1,"[10.0, 5.0, 2.5]","[0.0, 0.0, 0.0]","[0.0, 0.0]",True,True,eligible_within_tested_discretization,0.1,terrace
sha256:6cddd9ac0643eee0438eedce530cdb05d2e277050dd8bc256ba30b6d4cb11b77,sky_horizon_outline_v1,"[10.0, 5.0, 2.5]","[null, null, null]","[null, null]",True,True,not_attenuation_reference,0.1,terrace
sha256:6d59edb4e341d062c5d6a8e8ea2b35e0455103380bdb723a907623efc11354ac,m3_current_single_edge_v1,"[10.0, 5.0, 2.5]","[0.0, 0.0, 0.0]","[0.0, 0.0]",True,True,eligible_within_tested_discretization,0.1,single_ridge
sha256:6d59edb4e341d062c5d6a8e8ea2b35e0455103380bdb723a907623efc11354ac,reference_multi_edge_deygout_v1,"[10.0, 5.0, 2.5]","[0.0, 0.0, 0.0]","[0.0, 0.0]",True,True,eligible_within_tested_discretization,0.1,single_ridge
sha256:6d59edb4e341d062c5d6a8e8ea2b35e0455103380bdb723a907623efc11354ac,sky_horizon_outline_v1,"[10.0, 5.0, 2.5]","[null, null, null]","[null, null]",True,True,not_attenuation_reference,0.1,single_ridge
sha256:6d6827dd3199fa6f441b98cd666fb52b8ff5a75b760976118fee2f3cb21fd299,m3_current_single_edge_v1,"[30.0, 15.0, 7.5]","[45.06412452076846, 45.06412452076846, 45.06412452076846]","[0.0, 0.0]",True,True,eligible_within_tested_discretization,0.1,qinling_mountain
sha256:6d6827dd3199fa6f441b98cd666fb52b8ff5a75b760976118fee2f3cb21fd299,reference_multi_edge_deygout_v1,"[30.0, 15.0, 7.5]","[76.11882002130278, 77.03464432429267, 78.40970728126187]","[0.9158243029898898, 1.3750629569692023]",True,True,unverified,0.1,qinling_mountain
sha256:6d6827dd3199fa6f441b98cd666fb52b8ff5a75b760976118fee2f3cb21fd299,sky_horizon_outline_v1,"[30.0, 15.0, 7.5]","[null, null, null]","[null, null]",True,True,not_attenuation_reference,0.1,qinling_mountain
sha256:6f42f52c66099a651bb3abda91bf1a868a97d8b435e90a577743959c1069c54a,m3_current_single_edge_v1,"[10.0, 5.0, 2.5]","[44.619618964243514, 44.619618964243514, 44.619618964243514]","[0.0, 0.0]",True,True,eligible_within_tested_discretization,0.1,single_ridge
sha256:6f42f52c66099a651bb3abda91bf1a868a97d8b435e90a577743959c1069c54a,reference_multi_edge_deygout_v1,"[10.0, 5.0, 2.5]","[46.27501559443955, 47.475077109585705, 48.37030512101717]","[1.2000615151461531, 0.8952280114314632]",True,True,unverified,0.1,single_ridge
sha256:6f42f52c66099a651bb3abda91bf1a868a97d8b435e90a577743959c1069c54a,sky_horizon_outline_v1,"[10.0, 5.0, 2.5]","[null, null, null]","[null, null]",True,True,not_attenuation_reference,0.1,single_ridge
sha256:710a7f616bebf79d6d84be8fb64a8674871a0f9373222b0a1903e23ab5e9c2a8,m3_current_single_edge_v1,"[10.0, 5.0, 2.5]","[48.37809656047226, 48.37809656047226, 48.37809656047226]","[0.0, 0.0]",True,True,eligible_within_tested_discretization,0.1,double_ridge
sha256:710a7f616bebf79d6d84be8fb64a8674871a0f9373222b0a1903e23ab5e9c2a8,reference_multi_edge_deygout_v1,"[10.0, 5.0, 2.5]","[50.044614919769074, 51.241966757230685, 52.13497541419637]","[1.1973518374616106, 0.8930086569656837]",True,True,unverified,0.1,double_ridge
sha256:710a7f616bebf79d6d84be8fb64a8674871a0f9373222b0a1903e23ab5e9c2a8,sky_horizon_outline_v1,"[10.0, 5.0, 2.5]","[null, null, null]","[null, null]",True,True,not_attenuation_reference,0.1,double_ridge
sha256:71393422d4ab1daa8942dc8ee94548915e68ca86ca5405a759343b7c62a76633,m3_current_single_edge_v1,"[10.0, 5.0, 2.5]","[0.0, 0.0, 0.0]","[0.0, 0.0]",True,True,eligible_within_tested_discretization,0.1,deep_ridge
sha256:71393422d4ab1daa8942dc8ee94548915e68ca86ca5405a759343b7c62a76633,reference_multi_edge_deygout_v1,"[10.0, 5.0, 2.5]","[0.0, 0.0, 0.0]","[0.0, 0.0]",True,True,eligible_within_tested_discretization,0.1,deep_ridge
sha256:71393422d4ab1daa8942dc8ee94548915e68ca86ca5405a759343b7c62a76633,sky_horizon_outline_v1,"[10.0, 5.0, 2.5]","[null, null, null]","[null, null]",True,True,not_attenuation_reference,0.1,deep_ridge
sha256:71b25381af248e13d4680b6daaf1d6233f854706aa625fe61db13051fb5f56fa,m3_current_single_edge_v1,"[10.0, 5.0, 2.5]","[0.0, 0.0, 0.0]","[0.0, 0.0]",True,True,eligible_within_tested_discretization,0.1,flat
sha256:71b25381af248e13d4680b6daaf1d6233f854706aa625fe61db13051fb5f56fa,reference_multi_edge_deygout_v1,"[10.0, 5.0, 2.5]","[0.0, 0.0, 0.0]","[0.0, 0.0]",True,True,eligible_within_tested_discretization,0.1,flat
sha256:71b25381af248e13d4680b6daaf1d6233f854706aa625fe61db13051fb5f56fa,sky_horizon_outline_v1,"[10.0, 5.0, 2.5]","[null, null, null]","[null, null]",True,True,not_attenuation_reference,0.1,flat
sha256:7215314c5d5092f568dc9ea3ebceac6a05fb5fab667d6e66f4c99ffd877bb547,m3_current_single_edge_v1,"[30.0, 15.0, 7.5]","[49.944868915412485, 49.944868915412485, 49.944868915412485]","[0.0, 0.0]",True,True,eligible_within_tested_discretization,0.1,qinling_foothill
sha256:7215314c5d5092f568dc9ea3ebceac6a05fb5fab667d6e66f4c99ffd877bb547,reference_multi_edge_deygout_v1,"[30.0, 15.0, 7.5]","[49.944868915412485, 50.92578824841067, 52.28587646867047]","[0.9809193329981838, 1.3600882202598044]",True,True,unverified,0.1,qinling_foothill
sha256:7215314c5d5092f568dc9ea3ebceac6a05fb5fab667d6e66f4c99ffd877bb547,sky_horizon_outline_v1,"[30.0, 15.0, 7.5]","[null, null, null]","[null, null]",True,True,not_attenuation_reference,0.1,qinling_foothill
sha256:72f3551522c2412db90b4245e12dc55af8b2056eb8a928bb292c557846c07fdd,m3_current_single_edge_v1,"[10.0, 5.0, 2.5]","[27.738532049395893, 27.738532049395893, 27.738532049395893]","[0.0, 0.0]",True,True,eligible_within_tested_discretization,0.1,terrace
sha256:72f3551522c2412db90b4245e12dc55af8b2056eb8a928bb292c557846c07fdd,reference_multi_edge_deygout_v1,"[10.0, 5.0, 2.5]","[32.55329253741135, 32.90695283037199, 33.15876734686571]","[0.3536602929606403, 0.25181451649371667]",True,True,unverified,0.1,terrace
sha256:72f3551522c2412db90b4245e12dc55af8b2056eb8a928bb292c557846c07fdd,sky_horizon_outline_v1,"[10.0, 5.0, 2.5]","[null, null, null]","[null, null]",True,True,not_attenuation_reference,0.1,terrace
sha256:737d82a370ea4eefaf4766fa5853b7799d5feed5816f176febb67a047a0c3280,m3_current_single_edge_v1,"[10.0, 5.0, 2.5]","[null, null, null]","[null, null]",False,True,unavailable,0.1,single_ridge
sha256:737d82a370ea4eefaf4766fa5853b7799d5feed5816f176febb67a047a0c3280,reference_multi_edge_deygout_v1,"[10.0, 5.0, 2.5]","[null, null, null]","[null, null]",False,True,unavailable,0.1,single_ridge
sha256:737d82a370ea4eefaf4766fa5853b7799d5feed5816f176febb67a047a0c3280,sky_horizon_outline_v1,"[10.0, 5.0, 2.5]","[null, null, null]","[null, null]",False,True,not_attenuation_reference,0.1,single_ridge
sha256:73904de2ddc60d44b03efca374987e225a2bdec16ad13c9d599123df97205838,m3_current_single_edge_v1,"[10.0, 5.0, 2.5]","[0.0, 0.0, 0.0]","[0.0, 0.0]",True,True,eligible_within_tested_discretization,0.1,deep_ridge
sha256:73904de2ddc60d44b03efca374987e225a2bdec16ad13c9d599123df97205838,reference_multi_edge_deygout_v1,"[10.0, 5.0, 2.5]","[0.0, 0.0, 0.0]","[0.0, 0.0]",True,True,eligible_within_tested_discretization,0.1,deep_ridge
sha256:73904de2ddc60d44b03efca374987e225a2bdec16ad13c9d599123df97205838,sky_horizon_outline_v1,"[10.0, 5.0, 2.5]","[null, null, null]","[null, null]",True,True,not_attenuation_reference,0.1,deep_ridge
sha256:73cde0dad42dc82e92f1dbe5e84cc624dc1c2d50771f626f5acf311790485339,m3_current_single_edge_v1,"[30.0, 15.0, 7.5]","[0.0, 0.0, 0.0]","[0.0, 0.0]",True,True,eligible_within_tested_discretization,0.1,xian_city
sha256:73cde0dad42dc82e92f1dbe5e84cc624dc1c2d50771f626f5acf311790485339,reference_multi_edge_deygout_v1,"[30.0, 15.0, 7.5]","[0.0, 0.0, 0.0]","[0.0, 0.0]",True,True,eligible_within_tested_discretization,0.1,xian_city
sha256:73cde0dad42dc82e92f1dbe5e84cc624dc1c2d50771f626f5acf311790485339,sky_horizon_outline_v1,"[30.0, 15.0, 7.5]","[null, null, null]","[null, null]",True,True,not_attenuation_reference,0.1,xian_city
sha256:743eaba5be5d88a92da52b8551c45d503e22f18c2dd55ab84c2cbd29dd585741,m3_current_single_edge_v1,"[30.0, 15.0, 7.5]","[46.39856972373364, 46.39856972373364, 46.39856972373364]","[0.0, 0.0]",True,True,eligible_within_tested_discretization,0.1,qinling_mountain
sha256:743eaba5be5d88a92da52b8551c45d503e22f18c2dd55ab84c2cbd29dd585741,reference_multi_edge_deygout_v1,"[30.0, 15.0, 7.5]","[61.61588617812228, 62.41950623261424, 63.82019563638868]","[0.8036200544919581, 1.400689403774443]",True,True,unverified,0.1,qinling_mountain
sha256:743eaba5be5d88a92da52b8551c45d503e22f18c2dd55ab84c2cbd29dd585741,sky_horizon_outline_v1,"[30.0, 15.0, 7.5]","[null, null, null]","[null, null]",True,True,not_attenuation_reference,0.1,qinling_mountain
sha256:75bb2a65e7f9184a3731d55777918e71b51840d804548c5db41b3f7a71458101,m3_current_single_edge_v1,"[30.0, 15.0, 7.5]","[0.0, 0.0, 0.0]","[0.0, 0.0]",True,True,eligible_within_tested_discretization,0.1,xian_city
sha256:75bb2a65e7f9184a3731d55777918e71b51840d804548c5db41b3f7a71458101,reference_multi_edge_deygout_v1,"[30.0, 15.0, 7.5]","[0.0, 0.0, 0.0]","[0.0, 0.0]",True,True,eligible_within_tested_discretization,0.1,xian_city
sha256:75bb2a65e7f9184a3731d55777918e71b51840d804548c5db41b3f7a71458101,sky_horizon_outline_v1,"[30.0, 15.0, 7.5]","[null, null, null]","[null, null]",True,True,not_attenuation_reference,0.1,xian_city
sha256:76a0bed2cd868147abcb831ecdd66714981a4320a827fe1a23a806773ab1a260,m3_current_single_edge_v1,"[10.0, 5.0, 2.5]","[40.352574248159875, 40.352574248159875, 40.352574248159875]","[0.0, 0.0]",True,True,eligible_within_tested_discretization,0.1,single_ridge
sha256:76a0bed2cd868147abcb831ecdd66714981a4320a827fe1a23a806773ab1a260,reference_multi_edge_deygout_v1,"[10.0, 5.0, 2.5]","[40.352574248159875, 40.352574248159875, 40.352574248159875]","[0.0, 0.0]",True,True,eligible_within_tested_discretization,0.1,single_ridge
sha256:76a0bed2cd868147abcb831ecdd66714981a4320a827fe1a23a806773ab1a260,sky_horizon_outline_v1,"[10.0, 5.0, 2.5]","[null, null, null]","[null, null]",True,True,not_attenuation_reference,0.1,single_ridge
sha256:7839e58f71029f0883232437675d90ad06499cdae68ede6a8d37de96c3e82782,m3_current_single_edge_v1,"[10.0, 5.0, 2.5]","[null, null, null]","[null, null]",False,True,unavailable,0.1,deep_ridge
sha256:7839e58f71029f0883232437675d90ad06499cdae68ede6a8d37de96c3e82782,reference_multi_edge_deygout_v1,"[10.0, 5.0, 2.5]","[null, null, null]","[null, null]",False,True,unavailable,0.1,deep_ridge
sha256:7839e58f71029f0883232437675d90ad06499cdae68ede6a8d37de96c3e82782,sky_horizon_outline_v1,"[10.0, 5.0, 2.5]","[null, null, null]","[null, null]",False,True,not_attenuation_reference,0.1,deep_ridge
sha256:79edf49b178f1912d423e6affe7c2346b70171c172cf705163f01e8c1ca3cbbd,m3_current_single_edge_v1,"[10.0, 5.0, 2.5]","[0.0, 0.0, 0.0]","[0.0, 0.0]",True,True,eligible_within_tested_discretization,0.1,terrace
sha256:79edf49b178f1912d423e6affe7c2346b70171c172cf705163f01e8c1ca3cbbd,reference_multi_edge_deygout_v1,"[10.0, 5.0, 2.5]","[0.0, 0.0, 0.0]","[0.0, 0.0]",True,True,eligible_within_tested_discretization,0.1,terrace
sha256:79edf49b178f1912d423e6affe7c2346b70171c172cf705163f01e8c1ca3cbbd,sky_horizon_outline_v1,"[10.0, 5.0, 2.5]","[null, null, null]","[null, null]",True,True,not_attenuation_reference,0.1,terrace
sha256:7a58b038f43f20bea1965bd5374cb003473f372056a48481ce5a6cb6cc022c44,m3_current_single_edge_v1,"[30.0, 15.0, 7.5]","[0.0, 0.0, 0.0]","[0.0, 0.0]",True,True,eligible_within_tested_discretization,0.1,xian_city
sha256:7a58b038f43f20bea1965bd5374cb003473f372056a48481ce5a6cb6cc022c44,reference_multi_edge_deygout_v1,"[30.0, 15.0, 7.5]","[0.0, 0.0, 0.0]","[0.0, 0.0]",True,True,eligible_within_tested_discretization,0.1,xian_city
sha256:7a58b038f43f20bea1965bd5374cb003473f372056a48481ce5a6cb6cc022c44,sky_horizon_outline_v1,"[30.0, 15.0, 7.5]","[null, null, null]","[null, null]",True,True,not_attenuation_reference,0.1,xian_city
sha256:7b07adbc48bc5da62c0da4f10343287849ac0cc8d69593660499ce92b6c4c837,m3_current_single_edge_v1,"[10.0, 5.0, 2.5]","[65.15754993191118, 65.15754993191118, 65.15754993191118]","[0.0, 0.0]",True,True,eligible_within_tested_discretization,0.1,deep_ridge
sha256:7b07adbc48bc5da62c0da4f10343287849ac0cc8d69593660499ce92b6c4c837,reference_multi_edge_deygout_v1,"[10.0, 5.0, 2.5]","[67.62020661017682, 68.2395995969662, 69.07467491815883]","[0.6193929867893786, 0.8350753211926332]",True,True,unverified,0.1,deep_ridge
sha256:7b07adbc48bc5da62c0da4f10343287849ac0cc8d69593660499ce92b6c4c837,sky_horizon_outline_v1,"[10.0, 5.0, 2.5]","[null, null, null]","[null, null]",True,True,not_attenuation_reference,0.1,deep_ridge
sha256:7b1f7b3fffef8020b5ba1f7b11683fa3762eba240d82f52ba9c8a3bbfc6bb6fe,m3_current_single_edge_v1,"[10.0, 5.0, 2.5]","[null, null, null]","[null, null]",False,True,unavailable,0.1,double_ridge
sha256:7b1f7b3fffef8020b5ba1f7b11683fa3762eba240d82f52ba9c8a3bbfc6bb6fe,reference_multi_edge_deygout_v1,"[10.0, 5.0, 2.5]","[null, null, null]","[null, null]",False,True,unavailable,0.1,double_ridge
sha256:7b1f7b3fffef8020b5ba1f7b11683fa3762eba240d82f52ba9c8a3bbfc6bb6fe,sky_horizon_outline_v1,"[10.0, 5.0, 2.5]","[null, null, null]","[null, null]",False,True,not_attenuation_reference,0.1,double_ridge
sha256:7b87bfc5a694e3428f975ec88880a762fb595ee1c2d1e1ac30d53dc9503cbd1c,m3_current_single_edge_v1,"[30.0, 15.0, 7.5]","[0.0, 0.0, 0.0]","[0.0, 0.0]",True,True,eligible_within_tested_discretization,0.1,qinling_mountain
sha256:7b87bfc5a694e3428f975ec88880a762fb595ee1c2d1e1ac30d53dc9503cbd1c,reference_multi_edge_deygout_v1,"[30.0, 15.0, 7.5]","[0.0, 0.0, 0.0]","[0.0, 0.0]",True,True,eligible_within_tested_discretization,0.1,qinling_mountain
sha256:7b87bfc5a694e3428f975ec88880a762fb595ee1c2d1e1ac30d53dc9503cbd1c,sky_horizon_outline_v1,"[30.0, 15.0, 7.5]","[null, null, null]","[null, null]",True,True,not_attenuation_reference,0.1,qinling_mountain
sha256:7ba37f65194ca9f59f89a54bf65d345e19fb6347993b6e118ae1c2d96553b25a,m3_current_single_edge_v1,"[10.0, 5.0, 2.5]","[null, null, null]","[null, null]",False,True,unavailable,0.1,deep_ridge
sha256:7ba37f65194ca9f59f89a54bf65d345e19fb6347993b6e118ae1c2d96553b25a,reference_multi_edge_deygout_v1,"[10.0, 5.0, 2.5]","[null, null, null]","[null, null]",False,True,unavailable,0.1,deep_ridge
sha256:7ba37f65194ca9f59f89a54bf65d345e19fb6347993b6e118ae1c2d96553b25a,sky_horizon_outline_v1,"[10.0, 5.0, 2.5]","[null, null, null]","[null, null]",False,True,not_attenuation_reference,0.1,deep_ridge
sha256:7be5a68e9bfe394f388c14882e586c44dbd31f0ae79f91286948a401ee217ba8,m3_current_single_edge_v1,"[10.0, 5.0, 2.5]","[35.34348285740179, 35.34348285740179, 35.34348285740179]","[0.0, 0.0]",True,True,eligible_within_tested_discretization,0.1,double_ridge
sha256:7be5a68e9bfe394f388c14882e586c44dbd31f0ae79f91286948a401ee217ba8,reference_multi_edge_deygout_v1,"[10.0, 5.0, 2.5]","[35.79488568809529, 37.27423196079627, 38.40647835256571]","[1.4793462727009796, 1.132246391769442]",True,True,unverified,0.1,double_ridge
sha256:7be5a68e9bfe394f388c14882e586c44dbd31f0ae79f91286948a401ee217ba8,sky_horizon_outline_v1,"[10.0, 5.0, 2.5]","[null, null, null]","[null, null]",True,True,not_attenuation_reference,0.1,double_ridge
sha256:7bf962980729e40451d469870309c5abf25f3c0f1503b9207d7c188fc7b475e4,m3_current_single_edge_v1,"[10.0, 5.0, 2.5]","[0.0, 0.0, 0.0]","[0.0, 0.0]",True,True,eligible_within_tested_discretization,0.1,single_ridge
sha256:7bf962980729e40451d469870309c5abf25f3c0f1503b9207d7c188fc7b475e4,reference_multi_edge_deygout_v1,"[10.0, 5.0, 2.5]","[0.0, 0.0, 0.0]","[0.0, 0.0]",True,True,eligible_within_tested_discretization,0.1,single_ridge
sha256:7bf962980729e40451d469870309c5abf25f3c0f1503b9207d7c188fc7b475e4,sky_horizon_outline_v1,"[10.0, 5.0, 2.5]","[null, null, null]","[null, null]",True,True,not_attenuation_reference,0.1,single_ridge
sha256:7d32cd093da55bdcebc979f14cf9856f00ac046304d0fabff5873450b6e1382f,m3_current_single_edge_v1,"[30.0, 15.0, 7.5]","[0.0, 0.0, 0.0]","[0.0, 0.0]",True,True,eligible_within_tested_discretization,0.1,xian_city
sha256:7d32cd093da55bdcebc979f14cf9856f00ac046304d0fabff5873450b6e1382f,reference_multi_edge_deygout_v1,"[30.0, 15.0, 7.5]","[0.0, 0.0, 0.0]","[0.0, 0.0]",True,True,eligible_within_tested_discretization,0.1,xian_city
sha256:7d32cd093da55bdcebc979f14cf9856f00ac046304d0fabff5873450b6e1382f,sky_horizon_outline_v1,"[30.0, 15.0, 7.5]","[null, null, null]","[null, null]",True,True,not_attenuation_reference,0.1,xian_city
sha256:7d56e036b81b63d7b60a2f9a8d1a8facad17627c46242c1ff5234523406753bc,m3_current_single_edge_v1,"[10.0, 5.0, 2.5]","[42.962838904928766, 42.962838904928766, 42.962838904928766]","[0.0, 0.0]",True,True,eligible_within_tested_discretization,0.1,single_ridge
sha256:7d56e036b81b63d7b60a2f9a8d1a8facad17627c46242c1ff5234523406753bc,reference_multi_edge_deygout_v1,"[10.0, 5.0, 2.5]","[45.25861508945664, 45.904099201882104, 46.77663761086619]","[0.6454841124254642, 0.8725384089840844]",True,True,unverified,0.1,single_ridge
sha256:7d56e036b81b63d7b60a2f9a8d1a8facad17627c46242c1ff5234523406753bc,sky_horizon_outline_v1,"[10.0, 5.0, 2.5]","[null, null, null]","[null, null]",True,True,not_attenuation_reference,0.1,single_ridge
sha256:7db5df7ede24f0c0a83cd5c3e21f00c7a8d50ed2800a4278f67fb9d7372d7ac1,m3_current_single_edge_v1,"[10.0, 5.0, 2.5]","[0.0, 0.0, 0.0]","[0.0, 0.0]",True,True,eligible_within_tested_discretization,0.1,double_ridge
sha256:7db5df7ede24f0c0a83cd5c3e21f00c7a8d50ed2800a4278f67fb9d7372d7ac1,reference_multi_edge_deygout_v1,"[10.0, 5.0, 2.5]","[0.0, 0.0, 0.0]","[0.0, 0.0]",True,True,eligible_within_tested_discretization,0.1,double_ridge
sha256:7db5df7ede24f0c0a83cd5c3e21f00c7a8d50ed2800a4278f67fb9d7372d7ac1,sky_horizon_outline_v1,"[10.0, 5.0, 2.5]","[null, null, null]","[null, null]",True,True,not_attenuation_reference,0.1,double_ridge
sha256:7e3512197b055b4b8182272a8bc2de8a2ffe8560669b31be4d419283da39f936,m3_current_single_edge_v1,[5],[null],[],False,True,unavailable,0.1,nodata
sha256:7e3512197b055b4b8182272a8bc2de8a2ffe8560669b31be4d419283da39f936,reference_multi_edge_deygout_v1,[5],[null],[],False,True,unavailable,0.1,nodata
sha256:7e3512197b055b4b8182272a8bc2de8a2ffe8560669b31be4d419283da39f936,sky_horizon_outline_v1,[5],[null],[],False,True,not_attenuation_reference,0.1,nodata
sha256:7e6c8016b2540b497a98d947aeaf2e7eafaf97886ca903c4df7a4ebc48c73313,m3_current_single_edge_v1,"[10.0, 5.0, 2.5]","[42.818627938318755, 42.818627938318755, 42.818627938318755]","[0.0, 0.0]",True,True,eligible_within_tested_discretization,0.1,single_ridge
sha256:7e6c8016b2540b497a98d947aeaf2e7eafaf97886ca903c4df7a4ebc48c73313,reference_multi_edge_deygout_v1,"[10.0, 5.0, 2.5]","[42.818627938318755, 42.818627938318755, 42.818627938318755]","[0.0, 0.0]",True,True,eligible_within_tested_discretization,0.1,single_ridge
sha256:7e6c8016b2540b497a98d947aeaf2e7eafaf97886ca903c4df7a4ebc48c73313,sky_horizon_outline_v1,"[10.0, 5.0, 2.5]","[null, null, null]","[null, null]",True,True,not_attenuation_reference,0.1,single_ridge
sha256:7ed822863b6299dce5b8066b318e0f5cf1e0dc2a171dcc8588c3c470b26c1e7f,m3_current_single_edge_v1,"[10.0, 5.0, 2.5]","[40.352574248159875, 40.352574248159875, 40.352574248159875]","[0.0, 0.0]",True,True,eligible_within_tested_discretization,0.1,double_ridge
sha256:7ed822863b6299dce5b8066b318e0f5cf1e0dc2a171dcc8588c3c470b26c1e7f,reference_multi_edge_deygout_v1,"[10.0, 5.0, 2.5]","[40.352574248159875, 40.352574248159875, 40.352574248159875]","[0.0, 0.0]",True,True,eligible_within_tested_discretization,0.1,double_ridge
sha256:7ed822863b6299dce5b8066b318e0f5cf1e0dc2a171dcc8588c3c470b26c1e7f,sky_horizon_outline_v1,"[10.0, 5.0, 2.5]","[null, null, null]","[null, null]",True,True,not_attenuation_reference,0.1,double_ridge
sha256:7f100ea2476a0dc017de450715a6e375c2f2754f4e133cf61085fc1f8b501d9f,m3_current_single_edge_v1,"[30.0, 15.0, 7.5]","[0.0, 0.0, 0.0]","[0.0, 0.0]",True,True,eligible_within_tested_discretization,0.1,qinling_foothill
sha256:7f100ea2476a0dc017de450715a6e375c2f2754f4e133cf61085fc1f8b501d9f,reference_multi_edge_deygout_v1,"[30.0, 15.0, 7.5]","[0.0, 0.0, 0.0]","[0.0, 0.0]",True,True,eligible_within_tested_discretization,0.1,qinling_foothill
sha256:7f100ea2476a0dc017de450715a6e375c2f2754f4e133cf61085fc1f8b501d9f,sky_horizon_outline_v1,"[30.0, 15.0, 7.5]","[null, null, null]","[null, null]",True,True,not_attenuation_reference,0.1,qinling_foothill
sha256:7f32b5bd4ce740b08146764cc0c779848369cbe414797741ba713d20c360dd3f,m3_current_single_edge_v1,"[30.0, 15.0, 7.5]","[0.0, 0.0, 0.0]","[0.0, 0.0]",True,True,eligible_within_tested_discretization,0.1,qinling_foothill
sha256:7f32b5bd4ce740b08146764cc0c779848369cbe414797741ba713d20c360dd3f,reference_multi_edge_deygout_v1,"[30.0, 15.0, 7.5]","[0.0, 0.0, 0.0]","[0.0, 0.0]",True,True,eligible_within_tested_discretization,0.1,qinling_foothill
sha256:7f32b5bd4ce740b08146764cc0c779848369cbe414797741ba713d20c360dd3f,sky_horizon_outline_v1,"[30.0, 15.0, 7.5]","[null, null, null]","[null, null]",True,True,not_attenuation_reference,0.1,qinling_foothill
sha256:7f4ce085dc31149c40b7516c6bf3d98118b5c1e60219ad3b0c89c43e212ef698,m3_current_single_edge_v1,"[30.0, 15.0, 7.5]","[0.0, 0.0, 0.0]","[0.0, 0.0]",True,True,eligible_within_tested_discretization,0.1,qinling_mountain
sha256:7f4ce085dc31149c40b7516c6bf3d98118b5c1e60219ad3b0c89c43e212ef698,reference_multi_edge_deygout_v1,"[30.0, 15.0, 7.5]","[0.0, 0.0, 0.0]","[0.0, 0.0]",True,True,eligible_within_tested_discretization,0.1,qinling_mountain
sha256:7f4ce085dc31149c40b7516c6bf3d98118b5c1e60219ad3b0c89c43e212ef698,sky_horizon_outline_v1,"[30.0, 15.0, 7.5]","[null, null, null]","[null, null]",True,True,not_attenuation_reference,0.1,qinling_mountain
sha256:80a7bf07f6120c158bc2d45cb3d7b9368e826897cc3d53668c4a59bc1f9d06e0,m3_current_single_edge_v1,"[30.0, 15.0, 7.5]","[42.2731471159001, 42.2731471159001, 42.2731471159001]","[0.0, 0.0]",True,True,eligible_within_tested_discretization,0.1,qinling_mountain
sha256:80a7bf07f6120c158bc2d45cb3d7b9368e826897cc3d53668c4a59bc1f9d06e0,reference_multi_edge_deygout_v1,"[30.0, 15.0, 7.5]","[42.2731471159001, 42.2731471159001, 42.2731471159001]","[0.0, 0.0]",True,True,eligible_within_tested_discretization,0.1,qinling_mountain
sha256:80a7bf07f6120c158bc2d45cb3d7b9368e826897cc3d53668c4a59bc1f9d06e0,sky_horizon_outline_v1,"[30.0, 15.0, 7.5]","[null, null, null]","[null, null]",True,True,not_attenuation_reference,0.1,qinling_mountain
sha256:8146e4cf614fd66e368d24f208a5270d77e16b2eb53c4fd5fb60a381adb2ea70,m3_current_single_edge_v1,"[30.0, 15.0, 7.5]","[4.453009746592649, 4.453009746592649, 4.453009746592649]","[0.0, 0.0]",True,True,eligible_within_tested_discretization,0.1,xian_city
sha256:8146e4cf614fd66e368d24f208a5270d77e16b2eb53c4fd5fb60a381adb2ea70,reference_multi_edge_deygout_v1,"[30.0, 15.0, 7.5]","[4.453009746592649, 4.453009746592649, 4.453009746592649]","[0.0, 0.0]",True,True,eligible_within_tested_discretization,0.1,xian_city
sha256:8146e4cf614fd66e368d24f208a5270d77e16b2eb53c4fd5fb60a381adb2ea70,sky_horizon_outline_v1,"[30.0, 15.0, 7.5]","[null, null, null]","[null, null]",True,True,not_attenuation_reference,0.1,xian_city
sha256:8156cb08cb1cd211adaf451264f7955faf37fb6f4a982c4aac1b87b6fc8fed33,m3_current_single_edge_v1,"[30.0, 15.0, 7.5]","[47.495979430465084, 47.495979430465084, 47.495979430465084]","[0.0, 0.0]",True,True,eligible_within_tested_discretization,0.1,qinling_mountain
sha256:8156cb08cb1cd211adaf451264f7955faf37fb6f4a982c4aac1b87b6fc8fed33,reference_multi_edge_deygout_v1,"[30.0, 15.0, 7.5]","[109.55667437885583, 109.55667437885583, 109.55667437885583]","[0.0, 0.0]",True,True,eligible_within_tested_discretization,0.1,qinling_mountain
sha256:8156cb08cb1cd211adaf451264f7955faf37fb6f4a982c4aac1b87b6fc8fed33,sky_horizon_outline_v1,"[30.0, 15.0, 7.5]","[null, null, null]","[null, null]",True,True,not_attenuation_reference,0.1,qinling_mountain
sha256:824b845e95b7fdc7931c5f3ecdb9afeaf91f699348f855c5c5648b7f5a5c7ba5,m3_current_single_edge_v1,"[10.0, 5.0, 2.5]","[null, null, null]","[null, null]",False,True,unavailable,0.1,double_ridge
sha256:824b845e95b7fdc7931c5f3ecdb9afeaf91f699348f855c5c5648b7f5a5c7ba5,reference_multi_edge_deygout_v1,"[10.0, 5.0, 2.5]","[null, null, null]","[null, null]",False,True,unavailable,0.1,double_ridge
sha256:824b845e95b7fdc7931c5f3ecdb9afeaf91f699348f855c5c5648b7f5a5c7ba5,sky_horizon_outline_v1,"[10.0, 5.0, 2.5]","[null, null, null]","[null, null]",False,True,not_attenuation_reference,0.1,double_ridge
sha256:825bb65b792491c3fd20bad44e6643685b14f5545db74d05c4c05dbe2d1d1944,m3_current_single_edge_v1,"[10.0, 5.0, 2.5]","[0.0, 0.0, 0.0]","[0.0, 0.0]",True,True,eligible_within_tested_discretization,0.1,double_ridge
sha256:825bb65b792491c3fd20bad44e6643685b14f5545db74d05c4c05dbe2d1d1944,reference_multi_edge_deygout_v1,"[10.0, 5.0, 2.5]","[0.0, 0.0, 0.0]","[0.0, 0.0]",True,True,eligible_within_tested_discretization,0.1,double_ridge
sha256:825bb65b792491c3fd20bad44e6643685b14f5545db74d05c4c05dbe2d1d1944,sky_horizon_outline_v1,"[10.0, 5.0, 2.5]","[null, null, null]","[null, null]",True,True,not_attenuation_reference,0.1,double_ridge
sha256:82dd7492d5cbcafd8f57eba6def47c61148449ce4029553c3088220975238b9a,m3_current_single_edge_v1,[5],[0.0],[],True,True,unverified,0.1,resource_refusal
sha256:82dd7492d5cbcafd8f57eba6def47c61148449ce4029553c3088220975238b9a,reference_multi_edge_deygout_v1,[5],[null],[],False,True,unavailable,0.1,resource_refusal
sha256:82dd7492d5cbcafd8f57eba6def47c61148449ce4029553c3088220975238b9a,sky_horizon_outline_v1,[5],[null],[],True,True,not_attenuation_reference,0.1,resource_refusal
sha256:82f3668dbf5de92f4a96a7c1dbc9b449e10f44e7b277ad6282e480c27020cf5a,m3_current_single_edge_v1,"[10.0, 5.0, 2.5]","[0.0, 0.0, 0.0]","[0.0, 0.0]",True,True,eligible_within_tested_discretization,0.1,flat
sha256:82f3668dbf5de92f4a96a7c1dbc9b449e10f44e7b277ad6282e480c27020cf5a,reference_multi_edge_deygout_v1,"[10.0, 5.0, 2.5]","[0.0, 0.0, 0.0]","[0.0, 0.0]",True,True,eligible_within_tested_discretization,0.1,flat
sha256:82f3668dbf5de92f4a96a7c1dbc9b449e10f44e7b277ad6282e480c27020cf5a,sky_horizon_outline_v1,"[10.0, 5.0, 2.5]","[null, null, null]","[null, null]",True,True,not_attenuation_reference,0.1,flat
sha256:831a5d9fb7ca7d8df45191996e9fe6b613d87af73edf15f255588333ca236b3a,m3_current_single_edge_v1,"[10.0, 5.0, 2.5]","[0.0, 0.0, 0.0]","[0.0, 0.0]",True,True,eligible_within_tested_discretization,0.1,flat
sha256:831a5d9fb7ca7d8df45191996e9fe6b613d87af73edf15f255588333ca236b3a,reference_multi_edge_deygout_v1,"[10.0, 5.0, 2.5]","[0.0, 0.0, 0.0]","[0.0, 0.0]",True,True,eligible_within_tested_discretization,0.1,flat
sha256:831a5d9fb7ca7d8df45191996e9fe6b613d87af73edf15f255588333ca236b3a,sky_horizon_outline_v1,"[10.0, 5.0, 2.5]","[null, null, null]","[null, null]",True,True,not_attenuation_reference,0.1,flat
sha256:8362bd2fe52acf50611dd368c518a453e26774811ed905e8386949c79e42d71b,m3_current_single_edge_v1,"[10.0, 5.0, 2.5]","[0.0, 0.0, 0.0]","[0.0, 0.0]",True,True,eligible_within_tested_discretization,0.1,flat
sha256:8362bd2fe52acf50611dd368c518a453e26774811ed905e8386949c79e42d71b,reference_multi_edge_deygout_v1,"[10.0, 5.0, 2.5]","[0.0, 0.0, 0.0]","[0.0, 0.0]",True,True,eligible_within_tested_discretization,0.1,flat
sha256:8362bd2fe52acf50611dd368c518a453e26774811ed905e8386949c79e42d71b,sky_horizon_outline_v1,"[10.0, 5.0, 2.5]","[null, null, null]","[null, null]",True,True,not_attenuation_reference,0.1,flat
sha256:83ca3a4634186918a4703fb391bea3f1890864465d79522d047fdf1a8d2c7d2b,m3_current_single_edge_v1,"[10.0, 5.0, 2.5]","[0.0, 0.0, 0.0]","[0.0, 0.0]",True,True,eligible_within_tested_discretization,0.1,terrace
sha256:83ca3a4634186918a4703fb391bea3f1890864465d79522d047fdf1a8d2c7d2b,reference_multi_edge_deygout_v1,"[10.0, 5.0, 2.5]","[0.0, 0.0, 0.0]","[0.0, 0.0]",True,True,eligible_within_tested_discretization,0.1,terrace
sha256:83ca3a4634186918a4703fb391bea3f1890864465d79522d047fdf1a8d2c7d2b,sky_horizon_outline_v1,"[10.0, 5.0, 2.5]","[null, null, null]","[null, null]",True,True,not_attenuation_reference,0.1,terrace
sha256:83d1e322a6fecf6099565949c6940c0563165b92d8e54b0c0ef4c45ba5ad136c,m3_current_single_edge_v1,"[30.0, 15.0, 7.5]","[51.38881787892253, 51.38881787892253, 51.38881787892253]","[0.0, 0.0]",True,True,eligible_within_tested_discretization,0.1,qinling_mountain
sha256:83d1e322a6fecf6099565949c6940c0563165b92d8e54b0c0ef4c45ba5ad136c,reference_multi_edge_deygout_v1,"[30.0, 15.0, 7.5]","[76.94861071158914, 76.94861071158914, 76.94861071158914]","[0.0, 0.0]",True,True,eligible_within_tested_discretization,0.1,qinling_mountain
sha256:83d1e322a6fecf6099565949c6940c0563165b92d8e54b0c0ef4c45ba5ad136c,sky_horizon_outline_v1,"[30.0, 15.0, 7.5]","[null, null, null]","[null, null]",True,True,not_attenuation_reference,0.1,qinling_mountain
sha256:83dc4427a756feb264fbe7c3dffbf7f7649ed5fe670764bad2d6a22d53585a67,m3_current_single_edge_v1,"[30.0, 15.0, 7.5]","[0.0, 0.0, 0.0]","[0.0, 0.0]",True,True,eligible_within_tested_discretization,0.1,qinling_foothill
sha256:83dc4427a756feb264fbe7c3dffbf7f7649ed5fe670764bad2d6a22d53585a67,reference_multi_edge_deygout_v1,"[30.0, 15.0, 7.5]","[0.0, 0.0, 0.0]","[0.0, 0.0]",True,True,eligible_within_tested_discretization,0.1,qinling_foothill
sha256:83dc4427a756feb264fbe7c3dffbf7f7649ed5fe670764bad2d6a22d53585a67,sky_horizon_outline_v1,"[30.0, 15.0, 7.5]","[null, null, null]","[null, null]",True,True,not_attenuation_reference,0.1,qinling_foothill
sha256:8409f1b0687fded9b9d2ede1d1ae6b3e35677a2a77c88b4f71b517f71c23bb83,m3_current_single_edge_v1,"[10.0, 5.0, 2.5]","[0.0, 0.0, 0.0]","[0.0, 0.0]",True,True,eligible_within_tested_discretization,0.1,terrace
sha256:8409f1b0687fded9b9d2ede1d1ae6b3e35677a2a77c88b4f71b517f71c23bb83,reference_multi_edge_deygout_v1,"[10.0, 5.0, 2.5]","[0.0, 0.0, 0.0]","[0.0, 0.0]",True,True,eligible_within_tested_discretization,0.1,terrace
sha256:8409f1b0687fded9b9d2ede1d1ae6b3e35677a2a77c88b4f71b517f71c23bb83,sky_horizon_outline_v1,"[10.0, 5.0, 2.5]","[null, null, null]","[null, null]",True,True,not_attenuation_reference,0.1,terrace
sha256:84d2a3398175e70249da5121031eabeec0d950d8bced91a96f01852325393a2a,m3_current_single_edge_v1,"[10.0, 5.0, 2.5]","[59.28070306004886, 59.28070306004886, 59.28070306004886]","[0.0, 0.0]",True,True,eligible_within_tested_discretization,0.1,deep_ridge
sha256:84d2a3398175e70249da5121031eabeec0d950d8bced91a96f01852325393a2a,reference_multi_edge_deygout_v1,"[10.0, 5.0, 2.5]","[59.28070306004886, 59.28070306004886, 59.28070306004886]","[0.0, 0.0]",True,True,eligible_within_tested_discretization,0.1,deep_ridge
sha256:84d2a3398175e70249da5121031eabeec0d950d8bced91a96f01852325393a2a,sky_horizon_outline_v1,"[10.0, 5.0, 2.5]","[null, null, null]","[null, null]",True,True,not_attenuation_reference,0.1,deep_ridge
sha256:8568b19de42921f1d6fc53a742bd37faf7c7f9328e2ebb13522b44b0099d1b88,m3_current_single_edge_v1,"[10.0, 5.0, 2.5]","[null, null, null]","[null, null]",False,True,unavailable,0.1,double_ridge
sha256:8568b19de42921f1d6fc53a742bd37faf7c7f9328e2ebb13522b44b0099d1b88,reference_multi_edge_deygout_v1,"[10.0, 5.0, 2.5]","[null, null, null]","[null, null]",False,True,unavailable,0.1,double_ridge
sha256:8568b19de42921f1d6fc53a742bd37faf7c7f9328e2ebb13522b44b0099d1b88,sky_horizon_outline_v1,"[10.0, 5.0, 2.5]","[null, null, null]","[null, null]",False,True,not_attenuation_reference,0.1,double_ridge
sha256:85c27e6f0f548222559223553fe97c268445ab20740878be6becee8bba1f35e9,m3_current_single_edge_v1,"[30.0, 15.0, 7.5]","[50.98179688335474, 50.98179688335474, 50.98179688335474]","[0.0, 0.0]",True,True,eligible_within_tested_discretization,0.1,qinling_foothill
sha256:85c27e6f0f548222559223553fe97c268445ab20740878be6becee8bba1f35e9,reference_multi_edge_deygout_v1,"[30.0, 15.0, 7.5]","[88.15519036140213, 89.0231671606084, 90.40919531121233]","[0.8679767992062608, 1.3860281506039343]",True,True,unverified,0.1,qinling_foothill
sha256:85c27e6f0f548222559223553fe97c268445ab20740878be6becee8bba1f35e9,sky_horizon_outline_v1,"[30.0, 15.0, 7.5]","[null, null, null]","[null, null]",True,True,not_attenuation_reference,0.1,qinling_foothill
sha256:86aa1ac28fef1272ab01a0d22f40bcd4568d4d74243243ca9664a6c6bda1caf8,m3_current_single_edge_v1,"[10.0, 5.0, 2.5]","[47.29084685308418, 47.29084685308418, 47.29084685308418]","[0.0, 0.0]",True,True,eligible_within_tested_discretization,0.1,double_ridge
sha256:86aa1ac28fef1272ab01a0d22f40bcd4568d4d74243243ca9664a6c6bda1caf8,reference_multi_edge_deygout_v1,"[10.0, 5.0, 2.5]","[48.95405533707221, 50.152213824029175, 51.04588302001955]","[1.198158486956963, 0.8936691959903769]",True,True,unverified,0.1,double_ridge
sha256:86aa1ac28fef1272ab01a0d22f40bcd4568d4d74243243ca9664a6c6bda1caf8,sky_horizon_outline_v1,"[10.0, 5.0, 2.5]","[null, null, null]","[null, null]",True,True,not_attenuation_reference,0.1,double_ridge
sha256:88dcd01c3dc693ca48179f0bcd34b12ee4f895aa65566225a3ac7da265dd3ccb,m3_current_single_edge_v1,"[10.0, 5.0, 2.5]","[59.280693861492026, 59.280693861492026, 59.280693861492026]","[0.0, 0.0]",True,True,eligible_within_tested_discretization,0.1,deep_ridge
sha256:88dcd01c3dc693ca48179f0bcd34b12ee4f895aa65566225a3ac7da265dd3ccb,reference_multi_edge_deygout_v1,"[10.0, 5.0, 2.5]","[59.280693861492026, 59.280693861492026, 59.280693861492026]","[0.0, 0.0]",True,True,eligible_within_tested_discretization,0.1,deep_ridge
sha256:88dcd01c3dc693ca48179f0bcd34b12ee4f895aa65566225a3ac7da265dd3ccb,sky_horizon_outline_v1,"[10.0, 5.0, 2.5]","[null, null, null]","[null, null]",True,True,not_attenuation_reference,0.1,deep_ridge
sha256:88e3dcd10a6df95a95f2a5d5cb90e95850e36741651af121c0268d090ef44ab1,m3_current_single_edge_v1,"[30.0, 15.0, 7.5]","[0.0, 0.0, 0.0]","[0.0, 0.0]",True,True,eligible_within_tested_discretization,0.1,xian_city
sha256:88e3dcd10a6df95a95f2a5d5cb90e95850e36741651af121c0268d090ef44ab1,reference_multi_edge_deygout_v1,"[30.0, 15.0, 7.5]","[0.0, 0.0, 0.0]","[0.0, 0.0]",True,True,eligible_within_tested_discretization,0.1,xian_city
sha256:88e3dcd10a6df95a95f2a5d5cb90e95850e36741651af121c0268d090ef44ab1,sky_horizon_outline_v1,"[30.0, 15.0, 7.5]","[null, null, null]","[null, null]",True,True,not_attenuation_reference,0.1,xian_city
sha256:8972756ad66e77550ef68f0d5e6d255947572e082e87bd97931e768093836057,m3_current_single_edge_v1,"[10.0, 5.0, 2.5]","[0.0, 0.0, 0.0]","[0.0, 0.0]",True,True,eligible_within_tested_discretization,0.1,flat
sha256:8972756ad66e77550ef68f0d5e6d255947572e082e87bd97931e768093836057,reference_multi_edge_deygout_v1,"[10.0, 5.0, 2.5]","[0.0, 0.0, 0.0]","[0.0, 0.0]",True,True,eligible_within_tested_discretization,0.1,flat
sha256:8972756ad66e77550ef68f0d5e6d255947572e082e87bd97931e768093836057,sky_horizon_outline_v1,"[10.0, 5.0, 2.5]","[null, null, null]","[null, null]",True,True,not_attenuation_reference,0.1,flat
sha256:89c609050632c84e8d89343d23f0a39c55c2e964c69a75384610b3d625ba5f76,m3_current_single_edge_v1,"[30.0, 15.0, 7.5]","[44.80128648931836, 44.80128648931836, 44.80128648931836]","[0.0, 0.0]",True,True,eligible_within_tested_discretization,0.1,qinling_foothill
sha256:89c609050632c84e8d89343d23f0a39c55c2e964c69a75384610b3d625ba5f76,reference_multi_edge_deygout_v1,"[30.0, 15.0, 7.5]","[44.80128648931836, 44.80128648931836, 44.80128648931836]","[0.0, 0.0]",True,True,eligible_within_tested_discretization,0.1,qinling_foothill
sha256:89c609050632c84e8d89343d23f0a39c55c2e964c69a75384610b3d625ba5f76,sky_horizon_outline_v1,"[30.0, 15.0, 7.5]","[null, null, null]","[null, null]",True,True,not_attenuation_reference,0.1,qinling_foothill
sha256:89c743e5adb25cff486b69d3829b15ea294a25b2426d23cd9a9f7b3b1625b7c4,m3_current_single_edge_v1,"[10.0, 5.0, 2.5]","[0.0, 0.0, 0.0]","[0.0, 0.0]",True,True,eligible_within_tested_discretization,0.1,double_ridge
sha256:89c743e5adb25cff486b69d3829b15ea294a25b2426d23cd9a9f7b3b1625b7c4,reference_multi_edge_deygout_v1,"[10.0, 5.0, 2.5]","[0.0, 0.0, 0.0]","[0.0, 0.0]",True,True,eligible_within_tested_discretization,0.1,double_ridge
sha256:89c743e5adb25cff486b69d3829b15ea294a25b2426d23cd9a9f7b3b1625b7c4,sky_horizon_outline_v1,"[10.0, 5.0, 2.5]","[null, null, null]","[null, null]",True,True,not_attenuation_reference,0.1,double_ridge
sha256:89e65474f6f0b7b1f4132737aa7fbd7e415030c5d6a2950733057eec727dff87,m3_current_single_edge_v1,"[10.0, 5.0, 2.5]","[44.61977922088453, 44.61977922088453, 44.61977922088453]","[0.0, 0.0]",True,True,eligible_within_tested_discretization,0.1,single_ridge
sha256:89e65474f6f0b7b1f4132737aa7fbd7e415030c5d6a2950733057eec727dff87,reference_multi_edge_deygout_v1,"[10.0, 5.0, 2.5]","[46.27874642019341, 47.477870734535344, 48.37237924439001]","[1.1991243143419368, 0.894508509854667]",True,True,unverified,0.1,single_ridge
sha256:89e65474f6f0b7b1f4132737aa7fbd7e415030c5d6a2950733057eec727dff87,sky_horizon_outline_v1,"[10.0, 5.0, 2.5]","[null, null, null]","[null, null]",True,True,not_attenuation_reference,0.1,single_ridge
sha256:89f774fe2bf378698530bf80bbf5bef99b439e097b08556f06f5cf6992b55f50,m3_current_single_edge_v1,"[30.0, 15.0, 7.5]","[0.0, 0.0, 0.0]","[0.0, 0.0]",True,True,eligible_within_tested_discretization,0.1,xian_city
sha256:89f774fe2bf378698530bf80bbf5bef99b439e097b08556f06f5cf6992b55f50,reference_multi_edge_deygout_v1,"[30.0, 15.0, 7.5]","[0.0, 0.0, 0.0]","[0.0, 0.0]",True,True,eligible_within_tested_discretization,0.1,xian_city
sha256:89f774fe2bf378698530bf80bbf5bef99b439e097b08556f06f5cf6992b55f50,sky_horizon_outline_v1,"[30.0, 15.0, 7.5]","[null, null, null]","[null, null]",True,True,not_attenuation_reference,0.1,xian_city
sha256:8a6d38fd5e10e24d089d37155d7540fff14518d5ae547778b51d32a21775ee1a,m3_current_single_edge_v1,"[30.0, 15.0, 7.5]","[0.0, 0.0, 0.0]","[0.0, 0.0]",True,True,eligible_within_tested_discretization,0.1,qinling_mountain
sha256:8a6d38fd5e10e24d089d37155d7540fff14518d5ae547778b51d32a21775ee1a,reference_multi_edge_deygout_v1,"[30.0, 15.0, 7.5]","[0.0, 0.0, 0.0]","[0.0, 0.0]",True,True,eligible_within_tested_discretization,0.1,qinling_mountain
sha256:8a6d38fd5e10e24d089d37155d7540fff14518d5ae547778b51d32a21775ee1a,sky_horizon_outline_v1,"[30.0, 15.0, 7.5]","[null, null, null]","[null, null]",True,True,not_attenuation_reference,0.1,qinling_mountain
sha256:8a89b5ae1098007916901bec23d519e19562e3816147e50477416a4aac8ad0d8,m3_current_single_edge_v1,"[10.0, 5.0, 2.5]","[0.0, 0.0, 0.0]","[0.0, 0.0]",True,True,eligible_within_tested_discretization,0.1,flat
sha256:8a89b5ae1098007916901bec23d519e19562e3816147e50477416a4aac8ad0d8,reference_multi_edge_deygout_v1,"[10.0, 5.0, 2.5]","[0.0, 0.0, 0.0]","[0.0, 0.0]",True,True,eligible_within_tested_discretization,0.1,flat
sha256:8a89b5ae1098007916901bec23d519e19562e3816147e50477416a4aac8ad0d8,sky_horizon_outline_v1,"[10.0, 5.0, 2.5]","[null, null, null]","[null, null]",True,True,not_attenuation_reference,0.1,flat
sha256:8c22bbaaa9a170c9eb3f2b6fdf2ff0d400d49c5bc3e355ab6bf0a990b5ee1b3a,m3_current_single_edge_v1,"[10.0, 5.0, 2.5]","[36.42838351424006, 36.42838351424006, 36.42838351424006]","[0.0, 0.0]",True,True,eligible_within_tested_discretization,0.1,terrace
sha256:8c22bbaaa9a170c9eb3f2b6fdf2ff0d400d49c5bc3e355ab6bf0a990b5ee1b3a,reference_multi_edge_deygout_v1,"[10.0, 5.0, 2.5]","[36.42838351424006, 36.42838351424006, 36.42838351424006]","[0.0, 0.0]",True,True,eligible_within_tested_discretization,0.1,terrace
sha256:8c22bbaaa9a170c9eb3f2b6fdf2ff0d400d49c5bc3e355ab6bf0a990b5ee1b3a,sky_horizon_outline_v1,"[10.0, 5.0, 2.5]","[null, null, null]","[null, null]",True,True,not_attenuation_reference,0.1,terrace
sha256:8ce693dd94785474c10929f692ca090a03c289ef59786f8f99d890072ed733c1,m3_current_single_edge_v1,"[10.0, 5.0, 2.5]","[0.0, 0.0, 0.0]","[0.0, 0.0]",True,True,eligible_within_tested_discretization,0.1,deep_ridge
sha256:8ce693dd94785474c10929f692ca090a03c289ef59786f8f99d890072ed733c1,reference_multi_edge_deygout_v1,"[10.0, 5.0, 2.5]","[0.0, 0.0, 0.0]","[0.0, 0.0]",True,True,eligible_within_tested_discretization,0.1,deep_ridge
sha256:8ce693dd94785474c10929f692ca090a03c289ef59786f8f99d890072ed733c1,sky_horizon_outline_v1,"[10.0, 5.0, 2.5]","[null, null, null]","[null, null]",True,True,not_attenuation_reference,0.1,deep_ridge
sha256:8ce9d4fd8780b37e7c64a4d249d5c90ee09b240140f32218fc1f7a0f9778d4b0,m3_current_single_edge_v1,"[30.0, 15.0, 7.5]","[0.0, 0.0, 0.0]","[0.0, 0.0]",True,True,eligible_within_tested_discretization,0.1,xian_city
sha256:8ce9d4fd8780b37e7c64a4d249d5c90ee09b240140f32218fc1f7a0f9778d4b0,reference_multi_edge_deygout_v1,"[30.0, 15.0, 7.5]","[0.0, 0.0, 0.0]","[0.0, 0.0]",True,True,eligible_within_tested_discretization,0.1,xian_city
sha256:8ce9d4fd8780b37e7c64a4d249d5c90ee09b240140f32218fc1f7a0f9778d4b0,sky_horizon_outline_v1,"[30.0, 15.0, 7.5]","[null, null, null]","[null, null]",True,True,not_attenuation_reference,0.1,xian_city
sha256:8e18850afadd49ed7e1f5d69d461298aa76258a99d6bc4b1fce59bd0d0ffbf3b,m3_current_single_edge_v1,[5],[null],[],False,True,unavailable,0.1,below_horizon
sha256:8e18850afadd49ed7e1f5d69d461298aa76258a99d6bc4b1fce59bd0d0ffbf3b,reference_multi_edge_deygout_v1,[5],[null],[],False,True,unavailable,0.1,below_horizon
sha256:8e18850afadd49ed7e1f5d69d461298aa76258a99d6bc4b1fce59bd0d0ffbf3b,sky_horizon_outline_v1,[5],[null],[],False,True,not_attenuation_reference,0.1,below_horizon
sha256:8fb50e8ab66d173b37660f9f9fa9e0ecfc869c01cc0d43cc6e722b6e9a3dc305,m3_current_single_edge_v1,"[10.0, 5.0, 2.5]","[0.0, 0.0, 0.0]","[0.0, 0.0]",True,True,eligible_within_tested_discretization,0.1,flat
sha256:8fb50e8ab66d173b37660f9f9fa9e0ecfc869c01cc0d43cc6e722b6e9a3dc305,reference_multi_edge_deygout_v1,"[10.0, 5.0, 2.5]","[0.0, 0.0, 0.0]","[0.0, 0.0]",True,True,eligible_within_tested_discretization,0.1,flat
sha256:8fb50e8ab66d173b37660f9f9fa9e0ecfc869c01cc0d43cc6e722b6e9a3dc305,sky_horizon_outline_v1,"[10.0, 5.0, 2.5]","[null, null, null]","[null, null]",True,True,not_attenuation_reference,0.1,flat
sha256:90374deb8ffd08c95401db52121adb47407fae0f43107944ae8092aa18b577da,m3_current_single_edge_v1,"[10.0, 5.0, 2.5]","[0.0, 0.0, 0.0]","[0.0, 0.0]",True,True,eligible_within_tested_discretization,0.1,double_ridge
sha256:90374deb8ffd08c95401db52121adb47407fae0f43107944ae8092aa18b577da,reference_multi_edge_deygout_v1,"[10.0, 5.0, 2.5]","[0.0, 0.0, 0.0]","[0.0, 0.0]",True,True,eligible_within_tested_discretization,0.1,double_ridge
sha256:90374deb8ffd08c95401db52121adb47407fae0f43107944ae8092aa18b577da,sky_horizon_outline_v1,"[10.0, 5.0, 2.5]","[null, null, null]","[null, null]",True,True,not_attenuation_reference,0.1,double_ridge
sha256:90eebbba826b45db7471942a90b57fe13afa693a5a9d15992ed0784840274cf5,m3_current_single_edge_v1,"[10.0, 5.0, 2.5]","[64.02505612845697, 64.02505612845697, 64.02505612845697]","[0.0, 0.0]",True,True,eligible_within_tested_discretization,0.1,deep_ridge
sha256:90eebbba826b45db7471942a90b57fe13afa693a5a9d15992ed0784840274cf5,reference_multi_edge_deygout_v1,"[10.0, 5.0, 2.5]","[64.02505612845697, 64.02505612845697, 64.02505612845697]","[0.0, 0.0]",True,True,eligible_within_tested_discretization,0.1,deep_ridge
sha256:90eebbba826b45db7471942a90b57fe13afa693a5a9d15992ed0784840274cf5,sky_horizon_outline_v1,"[10.0, 5.0, 2.5]","[null, null, null]","[null, null]",True,True,not_attenuation_reference,0.1,deep_ridge
sha256:910aa9566c7222a52be7be5cfd07b5a6438da7e456411388f9698bd8e4b3569d,m3_current_single_edge_v1,"[10.0, 5.0, 2.5]","[0.0, 0.0, 0.0]","[0.0, 0.0]",True,True,eligible_within_tested_discretization,0.1,flat
sha256:910aa9566c7222a52be7be5cfd07b5a6438da7e456411388f9698bd8e4b3569d,reference_multi_edge_deygout_v1,"[10.0, 5.0, 2.5]","[0.0, 0.0, 0.0]","[0.0, 0.0]",True,True,eligible_within_tested_discretization,0.1,flat
sha256:910aa9566c7222a52be7be5cfd07b5a6438da7e456411388f9698bd8e4b3569d,sky_horizon_outline_v1,"[10.0, 5.0, 2.5]","[null, null, null]","[null, null]",True,True,not_attenuation_reference,0.1,flat
sha256:9133585dd2ec2e9e9987bd05aa12feace89b8520b64ce928607c4b13b793aa53,m3_current_single_edge_v1,"[10.0, 5.0, 2.5]","[0.0, 0.0, 0.0]","[0.0, 0.0]",True,True,eligible_within_tested_discretization,0.1,single_ridge
sha256:9133585dd2ec2e9e9987bd05aa12feace89b8520b64ce928607c4b13b793aa53,reference_multi_edge_deygout_v1,"[10.0, 5.0, 2.5]","[0.0, 0.0, 0.0]","[0.0, 0.0]",True,True,eligible_within_tested_discretization,0.1,single_ridge
sha256:9133585dd2ec2e9e9987bd05aa12feace89b8520b64ce928607c4b13b793aa53,sky_horizon_outline_v1,"[10.0, 5.0, 2.5]","[null, null, null]","[null, null]",True,True,not_attenuation_reference,0.1,single_ridge
sha256:91af4807a908d5bbda5a31862b4bff0fb71bccbf99bbc2a9d74f19d479acf047,m3_current_single_edge_v1,"[10.0, 5.0, 2.5]","[null, null, null]","[null, null]",False,True,unavailable,0.1,deep_ridge
sha256:91af4807a908d5bbda5a31862b4bff0fb71bccbf99bbc2a9d74f19d479acf047,reference_multi_edge_deygout_v1,"[10.0, 5.0, 2.5]","[null, null, null]","[null, null]",False,True,unavailable,0.1,deep_ridge
sha256:91af4807a908d5bbda5a31862b4bff0fb71bccbf99bbc2a9d74f19d479acf047,sky_horizon_outline_v1,"[10.0, 5.0, 2.5]","[null, null, null]","[null, null]",False,True,not_attenuation_reference,0.1,deep_ridge
sha256:92bbeee0d72e65a51665bd2db7d8c270992e558fa67ba12881526e50118c01d7,m3_current_single_edge_v1,"[30.0, 15.0, 7.5]","[0.0, 0.0, 0.0]","[0.0, 0.0]",True,True,eligible_within_tested_discretization,0.1,xian_city
sha256:92bbeee0d72e65a51665bd2db7d8c270992e558fa67ba12881526e50118c01d7,reference_multi_edge_deygout_v1,"[30.0, 15.0, 7.5]","[0.0, 0.0, 0.0]","[0.0, 0.0]",True,True,eligible_within_tested_discretization,0.1,xian_city
sha256:92bbeee0d72e65a51665bd2db7d8c270992e558fa67ba12881526e50118c01d7,sky_horizon_outline_v1,"[30.0, 15.0, 7.5]","[null, null, null]","[null, null]",True,True,not_attenuation_reference,0.1,xian_city
sha256:94143088fb90fd357fd565a373c72e7d1f78de17f282148ffe9b5d62e5962191,m3_current_single_edge_v1,"[10.0, 5.0, 2.5]","[0.0, 0.0, 0.0]","[0.0, 0.0]",True,True,eligible_within_tested_discretization,0.1,terrace
sha256:94143088fb90fd357fd565a373c72e7d1f78de17f282148ffe9b5d62e5962191,reference_multi_edge_deygout_v1,"[10.0, 5.0, 2.5]","[0.0, 0.0, 0.0]","[0.0, 0.0]",True,True,eligible_within_tested_discretization,0.1,terrace
sha256:94143088fb90fd357fd565a373c72e7d1f78de17f282148ffe9b5d62e5962191,sky_horizon_outline_v1,"[10.0, 5.0, 2.5]","[null, null, null]","[null, null]",True,True,not_attenuation_reference,0.1,terrace
sha256:95259563709a737f7360d1bdb37f8ca7509755be90ccc3e5466783a6c6879458,m3_current_single_edge_v1,"[30.0, 15.0, 7.5]","[0.0, 0.0, 0.0]","[0.0, 0.0]",True,True,eligible_within_tested_discretization,0.1,xian_city
sha256:95259563709a737f7360d1bdb37f8ca7509755be90ccc3e5466783a6c6879458,reference_multi_edge_deygout_v1,"[30.0, 15.0, 7.5]","[0.0, 0.0, 0.0]","[0.0, 0.0]",True,True,eligible_within_tested_discretization,0.1,xian_city
sha256:95259563709a737f7360d1bdb37f8ca7509755be90ccc3e5466783a6c6879458,sky_horizon_outline_v1,"[30.0, 15.0, 7.5]","[null, null, null]","[null, null]",True,True,not_attenuation_reference,0.1,xian_city
sha256:95a3e4741d3b7f82d74d5990b9d9b75f3a8bb6b17081a6284e28c9ee5f3ae88d,m3_current_single_edge_v1,"[10.0, 5.0, 2.5]","[59.28069616113283, 59.28069616113283, 59.28069616113283]","[0.0, 0.0]",True,True,eligible_within_tested_discretization,0.1,deep_ridge
sha256:95a3e4741d3b7f82d74d5990b9d9b75f3a8bb6b17081a6284e28c9ee5f3ae88d,reference_multi_edge_deygout_v1,"[10.0, 5.0, 2.5]","[59.28069616113283, 59.28069616113283, 59.28069616113283]","[0.0, 0.0]",True,True,eligible_within_tested_discretization,0.1,deep_ridge
sha256:95a3e4741d3b7f82d74d5990b9d9b75f3a8bb6b17081a6284e28c9ee5f3ae88d,sky_horizon_outline_v1,"[10.0, 5.0, 2.5]","[null, null, null]","[null, null]",True,True,not_attenuation_reference,0.1,deep_ridge
sha256:95a9134973658e0deba38c22302ef18e071fc25220bc5a38b5bda92dce9a7536,m3_current_single_edge_v1,"[10.0, 5.0, 2.5]","[0.0, 0.0, 0.0]","[0.0, 0.0]",True,True,eligible_within_tested_discretization,0.1,double_ridge
sha256:95a9134973658e0deba38c22302ef18e071fc25220bc5a38b5bda92dce9a7536,reference_multi_edge_deygout_v1,"[10.0, 5.0, 2.5]","[0.0, 0.0, 0.0]","[0.0, 0.0]",True,True,eligible_within_tested_discretization,0.1,double_ridge
sha256:95a9134973658e0deba38c22302ef18e071fc25220bc5a38b5bda92dce9a7536,sky_horizon_outline_v1,"[10.0, 5.0, 2.5]","[null, null, null]","[null, null]",True,True,not_attenuation_reference,0.1,double_ridge
sha256:95cd3b6ffa4135b479817e1fccfab9907076f8cbe7e33dc38f05ebade5137d87,m3_current_single_edge_v1,"[10.0, 5.0, 2.5]","[0.0, 0.0, 0.0]","[0.0, 0.0]",True,True,eligible_within_tested_discretization,0.1,flat
sha256:95cd3b6ffa4135b479817e1fccfab9907076f8cbe7e33dc38f05ebade5137d87,reference_multi_edge_deygout_v1,"[10.0, 5.0, 2.5]","[0.0, 0.0, 0.0]","[0.0, 0.0]",True,True,eligible_within_tested_discretization,0.1,flat
sha256:95cd3b6ffa4135b479817e1fccfab9907076f8cbe7e33dc38f05ebade5137d87,sky_horizon_outline_v1,"[10.0, 5.0, 2.5]","[null, null, null]","[null, null]",True,True,not_attenuation_reference,0.1,flat
sha256:95f5df5efd9229c1cdd5d1a2b0046270e20f5fa79d9708d9fe4c90cbe8f0f036,m3_current_single_edge_v1,"[30.0, 15.0, 7.5]","[0.0, 0.0, 0.0]","[0.0, 0.0]",True,True,eligible_within_tested_discretization,0.1,xian_city
sha256:95f5df5efd9229c1cdd5d1a2b0046270e20f5fa79d9708d9fe4c90cbe8f0f036,reference_multi_edge_deygout_v1,"[30.0, 15.0, 7.5]","[0.0, 0.0, 0.0]","[0.0, 0.0]",True,True,eligible_within_tested_discretization,0.1,xian_city
sha256:95f5df5efd9229c1cdd5d1a2b0046270e20f5fa79d9708d9fe4c90cbe8f0f036,sky_horizon_outline_v1,"[30.0, 15.0, 7.5]","[null, null, null]","[null, null]",True,True,not_attenuation_reference,0.1,xian_city
sha256:961464599db3ca72bc4487e594044041e121c0a9332c8b4382ed2c2714d2e1db,m3_current_single_edge_v1,"[10.0, 5.0, 2.5]","[null, null, null]","[null, null]",False,True,unavailable,0.1,flat
sha256:961464599db3ca72bc4487e594044041e121c0a9332c8b4382ed2c2714d2e1db,reference_multi_edge_deygout_v1,"[10.0, 5.0, 2.5]","[null, null, null]","[null, null]",False,True,unavailable,0.1,flat
sha256:961464599db3ca72bc4487e594044041e121c0a9332c8b4382ed2c2714d2e1db,sky_horizon_outline_v1,"[10.0, 5.0, 2.5]","[null, null, null]","[null, null]",False,True,not_attenuation_reference,0.1,flat
sha256:979e4aca295c5da2d6e588271ea6417a68ebebd364b88fb154f2cce5e14120de,m3_current_single_edge_v1,"[30.0, 15.0, 7.5]","[0.0, 0.0, 0.0]","[0.0, 0.0]",True,True,eligible_within_tested_discretization,0.1,xian_city
sha256:979e4aca295c5da2d6e588271ea6417a68ebebd364b88fb154f2cce5e14120de,reference_multi_edge_deygout_v1,"[30.0, 15.0, 7.5]","[0.0, 0.0, 0.0]","[0.0, 0.0]",True,True,eligible_within_tested_discretization,0.1,xian_city
sha256:979e4aca295c5da2d6e588271ea6417a68ebebd364b88fb154f2cce5e14120de,sky_horizon_outline_v1,"[30.0, 15.0, 7.5]","[null, null, null]","[null, null]",True,True,not_attenuation_reference,0.1,xian_city
sha256:98436269b4245f8c128bff82b3a79e59ff54ea3466dd21cf99a40699c8ffd49a,m3_current_single_edge_v1,"[30.0, 15.0, 7.5]","[0.0, 0.0, 0.0]","[0.0, 0.0]",True,True,eligible_within_tested_discretization,0.1,xian_city
sha256:98436269b4245f8c128bff82b3a79e59ff54ea3466dd21cf99a40699c8ffd49a,reference_multi_edge_deygout_v1,"[30.0, 15.0, 7.5]","[0.0, 0.0, 0.0]","[0.0, 0.0]",True,True,eligible_within_tested_discretization,0.1,xian_city
sha256:98436269b4245f8c128bff82b3a79e59ff54ea3466dd21cf99a40699c8ffd49a,sky_horizon_outline_v1,"[30.0, 15.0, 7.5]","[null, null, null]","[null, null]",True,True,not_attenuation_reference,0.1,xian_city
sha256:99bcccdae70744c8861eb1ae434a9f584fea29b36c948ee2fb3edb5e0828bb11,m3_current_single_edge_v1,"[10.0, 5.0, 2.5]","[42.81857995602273, 42.81857995602273, 42.81857995602273]","[0.0, 0.0]",True,True,eligible_within_tested_discretization,0.1,single_ridge
sha256:99bcccdae70744c8861eb1ae434a9f584fea29b36c948ee2fb3edb5e0828bb11,reference_multi_edge_deygout_v1,"[10.0, 5.0, 2.5]","[42.81857995602273, 42.81857995602273, 42.81857995602273]","[0.0, 0.0]",True,True,eligible_within_tested_discretization,0.1,single_ridge
sha256:99bcccdae70744c8861eb1ae434a9f584fea29b36c948ee2fb3edb5e0828bb11,sky_horizon_outline_v1,"[10.0, 5.0, 2.5]","[null, null, null]","[null, null]",True,True,not_attenuation_reference,0.1,single_ridge
sha256:99ef946d144a03e232786ba0857d3d2186ca145e7a1cb6e6033bc43b69360117,m3_current_single_edge_v1,"[30.0, 15.0, 7.5]","[51.71692692279312, 51.71692692279312, 51.71692692279312]","[0.0, 0.0]",True,True,eligible_within_tested_discretization,0.1,qinling_mountain
sha256:99ef946d144a03e232786ba0857d3d2186ca145e7a1cb6e6033bc43b69360117,reference_multi_edge_deygout_v1,"[30.0, 15.0, 7.5]","[79.63271231520696, 79.63271231520696, 79.63271231520696]","[0.0, 0.0]",True,True,eligible_within_tested_discretization,0.1,qinling_mountain
sha256:99ef946d144a03e232786ba0857d3d2186ca145e7a1cb6e6033bc43b69360117,sky_horizon_outline_v1,"[30.0, 15.0, 7.5]","[null, null, null]","[null, null]",True,True,not_attenuation_reference,0.1,qinling_mountain
sha256:9ab5198f71ce05f3c46ec268c717066196fd835f73b3e7c15a666090720158ed,m3_current_single_edge_v1,"[10.0, 5.0, 2.5]","[39.40168241111468, 39.40168241111468, 39.40168241111468]","[0.0, 0.0]",True,True,eligible_within_tested_discretization,0.1,terrace
sha256:9ab5198f71ce05f3c46ec268c717066196fd835f73b3e7c15a666090720158ed,reference_multi_edge_deygout_v1,"[10.0, 5.0, 2.5]","[41.04966954062101, 42.25153503189022, 43.14824135536428]","[1.20186549126921, 0.8967063234740564]",True,True,unverified,0.1,terrace
sha256:9ab5198f71ce05f3c46ec268c717066196fd835f73b3e7c15a666090720158ed,sky_horizon_outline_v1,"[10.0, 5.0, 2.5]","[null, null, null]","[null, null]",True,True,not_attenuation_reference,0.1,terrace
sha256:9aec4557a0e1ad87a1142acfd04384b87b3dd4b806cdde947b2ae6dcca2b689e,m3_current_single_edge_v1,"[10.0, 5.0, 2.5]","[0.0, 0.0, 0.0]","[0.0, 0.0]",True,True,eligible_within_tested_discretization,0.1,double_ridge
sha256:9aec4557a0e1ad87a1142acfd04384b87b3dd4b806cdde947b2ae6dcca2b689e,reference_multi_edge_deygout_v1,"[10.0, 5.0, 2.5]","[0.0, 0.0, 0.0]","[0.0, 0.0]",True,True,eligible_within_tested_discretization,0.1,double_ridge
sha256:9aec4557a0e1ad87a1142acfd04384b87b3dd4b806cdde947b2ae6dcca2b689e,sky_horizon_outline_v1,"[10.0, 5.0, 2.5]","[null, null, null]","[null, null]",True,True,not_attenuation_reference,0.1,double_ridge
sha256:9b6ad3bfa4465314c3dba3b525b3cd6cedd5663bd12506e225c2f0a8453a4864,m3_current_single_edge_v1,"[30.0, 15.0, 7.5]","[0.0, 0.0, 0.0]","[0.0, 0.0]",True,True,eligible_within_tested_discretization,0.1,qinling_mountain
sha256:9b6ad3bfa4465314c3dba3b525b3cd6cedd5663bd12506e225c2f0a8453a4864,reference_multi_edge_deygout_v1,"[30.0, 15.0, 7.5]","[0.0, 0.0, 0.0]","[0.0, 0.0]",True,True,eligible_within_tested_discretization,0.1,qinling_mountain
sha256:9b6ad3bfa4465314c3dba3b525b3cd6cedd5663bd12506e225c2f0a8453a4864,sky_horizon_outline_v1,"[30.0, 15.0, 7.5]","[null, null, null]","[null, null]",True,True,not_attenuation_reference,0.1,qinling_mountain
sha256:9c89e46a91ff112863444196abaafcc684ef4fd610ac3f7f83f9af4f0c015763,m3_current_single_edge_v1,"[30.0, 15.0, 7.5]","[0.0, 0.0, 0.0]","[0.0, 0.0]",True,True,eligible_within_tested_discretization,0.1,qinling_foothill
sha256:9c89e46a91ff112863444196abaafcc684ef4fd610ac3f7f83f9af4f0c015763,reference_multi_edge_deygout_v1,"[30.0, 15.0, 7.5]","[0.0, 0.0, 0.0]","[0.0, 0.0]",True,True,eligible_within_tested_discretization,0.1,qinling_foothill
sha256:9c89e46a91ff112863444196abaafcc684ef4fd610ac3f7f83f9af4f0c015763,sky_horizon_outline_v1,"[30.0, 15.0, 7.5]","[null, null, null]","[null, null]",True,True,not_attenuation_reference,0.1,qinling_foothill
sha256:9de0e5cae0b36826581bf053d9694f23f2b280ae27b98b93b99f3d07bc257774,m3_current_single_edge_v1,"[10.0, 5.0, 2.5]","[0.0, 0.0, 0.0]","[0.0, 0.0]",True,True,eligible_within_tested_discretization,0.1,terrace
sha256:9de0e5cae0b36826581bf053d9694f23f2b280ae27b98b93b99f3d07bc257774,reference_multi_edge_deygout_v1,"[10.0, 5.0, 2.5]","[0.0, 0.0, 0.0]","[0.0, 0.0]",True,True,eligible_within_tested_discretization,0.1,terrace
sha256:9de0e5cae0b36826581bf053d9694f23f2b280ae27b98b93b99f3d07bc257774,sky_horizon_outline_v1,"[10.0, 5.0, 2.5]","[null, null, null]","[null, null]",True,True,not_attenuation_reference,0.1,terrace
sha256:9e28c98d48d430b85fe3cbff9f7764ccb5e8d2bdcf6917287176c261513a4771,m3_current_single_edge_v1,"[10.0, 5.0, 2.5]","[0.0, 0.0, 0.0]","[0.0, 0.0]",True,True,eligible_within_tested_discretization,0.1,terrace
sha256:9e28c98d48d430b85fe3cbff9f7764ccb5e8d2bdcf6917287176c261513a4771,reference_multi_edge_deygout_v1,"[10.0, 5.0, 2.5]","[0.0, 0.0, 0.0]","[0.0, 0.0]",True,True,eligible_within_tested_discretization,0.1,terrace
sha256:9e28c98d48d430b85fe3cbff9f7764ccb5e8d2bdcf6917287176c261513a4771,sky_horizon_outline_v1,"[10.0, 5.0, 2.5]","[null, null, null]","[null, null]",True,True,not_attenuation_reference,0.1,terrace
sha256:9e563cd84c2067ab60e27ae664ad7ed69e6e8476cfcdd5a7cfe2e07a37476d5e,m3_current_single_edge_v1,[5],[null],[],False,True,unavailable,0.1,outside_dem
sha256:9e563cd84c2067ab60e27ae664ad7ed69e6e8476cfcdd5a7cfe2e07a37476d5e,reference_multi_edge_deygout_v1,[5],[null],[],False,True,unavailable,0.1,outside_dem
sha256:9e563cd84c2067ab60e27ae664ad7ed69e6e8476cfcdd5a7cfe2e07a37476d5e,sky_horizon_outline_v1,[5],[null],[],False,True,not_attenuation_reference,0.1,outside_dem
sha256:9eaa6e40940018f2ced46b69e52ec9ef4850dd01dc0636842ff4dc8e1b908a28,m3_current_single_edge_v1,"[10.0, 5.0, 2.5]","[39.40168241111468, 39.40168241111468, 39.40168241111468]","[0.0, 0.0]",True,True,eligible_within_tested_discretization,0.1,terrace
sha256:9eaa6e40940018f2ced46b69e52ec9ef4850dd01dc0636842ff4dc8e1b908a28,reference_multi_edge_deygout_v1,"[10.0, 5.0, 2.5]","[41.04966954062101, 42.25153503189022, 43.14824135536428]","[1.20186549126921, 0.8967063234740564]",True,True,unverified,0.1,terrace
sha256:9eaa6e40940018f2ced46b69e52ec9ef4850dd01dc0636842ff4dc8e1b908a28,sky_horizon_outline_v1,"[10.0, 5.0, 2.5]","[null, null, null]","[null, null]",True,True,not_attenuation_reference,0.1,terrace
sha256:9eb1250dd80643783ef21ba03ebd94448349e7d93a415fdfafca0bae4d95c734,m3_current_single_edge_v1,"[10.0, 5.0, 2.5]","[null, null, null]","[null, null]",False,True,unavailable,0.1,terrace
sha256:9eb1250dd80643783ef21ba03ebd94448349e7d93a415fdfafca0bae4d95c734,reference_multi_edge_deygout_v1,"[10.0, 5.0, 2.5]","[null, null, null]","[null, null]",False,True,unavailable,0.1,terrace
sha256:9eb1250dd80643783ef21ba03ebd94448349e7d93a415fdfafca0bae4d95c734,sky_horizon_outline_v1,"[10.0, 5.0, 2.5]","[null, null, null]","[null, null]",False,True,not_attenuation_reference,0.1,terrace
sha256:9f1c66913b769ed2d8a2449e863b74fb72bbfe9d2b9d10152ab450c04a1ef2d5,m3_current_single_edge_v1,"[30.0, 15.0, 7.5]","[0.0, 0.0, 0.0]","[0.0, 0.0]",True,True,eligible_within_tested_discretization,0.1,qinling_foothill
sha256:9f1c66913b769ed2d8a2449e863b74fb72bbfe9d2b9d10152ab450c04a1ef2d5,reference_multi_edge_deygout_v1,"[30.0, 15.0, 7.5]","[0.0, 0.0, 0.0]","[0.0, 0.0]",True,True,eligible_within_tested_discretization,0.1,qinling_foothill
sha256:9f1c66913b769ed2d8a2449e863b74fb72bbfe9d2b9d10152ab450c04a1ef2d5,sky_horizon_outline_v1,"[30.0, 15.0, 7.5]","[null, null, null]","[null, null]",True,True,not_attenuation_reference,0.1,qinling_foothill
sha256:9fd2560d31137e182c74f41414a5838e08b69f029a0395f8f0466a7874e699c5,m3_current_single_edge_v1,"[10.0, 5.0, 2.5]","[0.0, 0.0, 0.0]","[0.0, 0.0]",True,True,eligible_within_tested_discretization,0.1,terrace
sha256:9fd2560d31137e182c74f41414a5838e08b69f029a0395f8f0466a7874e699c5,reference_multi_edge_deygout_v1,"[10.0, 5.0, 2.5]","[0.0, 0.0, 0.0]","[0.0, 0.0]",True,True,eligible_within_tested_discretization,0.1,terrace
sha256:9fd2560d31137e182c74f41414a5838e08b69f029a0395f8f0466a7874e699c5,sky_horizon_outline_v1,"[10.0, 5.0, 2.5]","[null, null, null]","[null, null]",True,True,not_attenuation_reference,0.1,terrace
sha256:a098e464aa83603b01d18e9ec6f5af6ad85e12cedee2637c8b7cf96d28a51550,m3_current_single_edge_v1,"[10.0, 5.0, 2.5]","[0.0, 0.0, 0.0]","[0.0, 0.0]",True,True,eligible_within_tested_discretization,0.1,terrace
sha256:a098e464aa83603b01d18e9ec6f5af6ad85e12cedee2637c8b7cf96d28a51550,reference_multi_edge_deygout_v1,"[10.0, 5.0, 2.5]","[0.0, 0.0, 0.0]","[0.0, 0.0]",True,True,eligible_within_tested_discretization,0.1,terrace
sha256:a098e464aa83603b01d18e9ec6f5af6ad85e12cedee2637c8b7cf96d28a51550,sky_horizon_outline_v1,"[10.0, 5.0, 2.5]","[null, null, null]","[null, null]",True,True,not_attenuation_reference,0.1,terrace
sha256:a108664ac3862d09539b0297b8245491ce4765e3a29538d51456602abc7bea29,m3_current_single_edge_v1,"[30.0, 15.0, 7.5]","[46.484507262510085, 46.484507262510085, 46.484507262510085]","[0.0, 0.0]",True,True,eligible_within_tested_discretization,0.1,qinling_foothill
sha256:a108664ac3862d09539b0297b8245491ce4765e3a29538d51456602abc7bea29,reference_multi_edge_deygout_v1,"[30.0, 15.0, 7.5]","[76.6720005123401, 76.6720005123401, 76.6720005123401]","[0.0, 0.0]",True,True,eligible_within_tested_discretization,0.1,qinling_foothill
sha256:a108664ac3862d09539b0297b8245491ce4765e3a29538d51456602abc7bea29,sky_horizon_outline_v1,"[30.0, 15.0, 7.5]","[null, null, null]","[null, null]",True,True,not_attenuation_reference,0.1,qinling_foothill
sha256:a14076f5ed460e85485d5f35b90596548be5bd400c992514371fed511a401cc8,m3_current_single_edge_v1,"[10.0, 5.0, 2.5]","[37.63994761556759, 37.63994761556759, 37.63994761556759]","[0.0, 0.0]",True,True,eligible_within_tested_discretization,0.1,terrace
sha256:a14076f5ed460e85485d5f35b90596548be5bd400c992514371fed511a401cc8,reference_multi_edge_deygout_v1,"[10.0, 5.0, 2.5]","[39.9295626127468, 40.576003567747286, 41.4499212162336]","[0.6464409550004859, 0.8739176484863123]",True,True,unverified,0.1,terrace
sha256:a14076f5ed460e85485d5f35b90596548be5bd400c992514371fed511a401cc8,sky_horizon_outline_v1,"[10.0, 5.0, 2.5]","[null, null, null]","[null, null]",True,True,not_attenuation_reference,0.1,terrace
sha256:a27b246860276aaa26ed4054db74f6b7d15fee17a59128833d981949cb2ff7f8,m3_current_single_edge_v1,"[30.0, 15.0, 7.5]","[44.67756440506472, 44.67756440506472, 44.67756440506472]","[0.0, 0.0]",True,True,eligible_within_tested_discretization,0.1,qinling_mountain
sha256:a27b246860276aaa26ed4054db74f6b7d15fee17a59128833d981949cb2ff7f8,reference_multi_edge_deygout_v1,"[30.0, 15.0, 7.5]","[44.67756440506472, 45.58962860564898, 46.96555399706706]","[0.9120642005842612, 1.375925391418079]",True,True,unverified,0.1,qinling_mountain
sha256:a27b246860276aaa26ed4054db74f6b7d15fee17a59128833d981949cb2ff7f8,sky_horizon_outline_v1,"[30.0, 15.0, 7.5]","[null, null, null]","[null, null]",True,True,not_attenuation_reference,0.1,qinling_mountain
sha256:a3aa9bd91734bbb2019b4aff87cf2bbfe0635e299b21524e47d15b20005605ec,m3_current_single_edge_v1,"[30.0, 15.0, 7.5]","[0.0, 0.0, 0.0]","[0.0, 0.0]",True,True,eligible_within_tested_discretization,0.1,xian_city
sha256:a3aa9bd91734bbb2019b4aff87cf2bbfe0635e299b21524e47d15b20005605ec,reference_multi_edge_deygout_v1,"[30.0, 15.0, 7.5]","[0.0, 0.0, 0.0]","[0.0, 0.0]",True,True,eligible_within_tested_discretization,0.1,xian_city
sha256:a3aa9bd91734bbb2019b4aff87cf2bbfe0635e299b21524e47d15b20005605ec,sky_horizon_outline_v1,"[30.0, 15.0, 7.5]","[null, null, null]","[null, null]",True,True,not_attenuation_reference,0.1,xian_city
sha256:a4f3c41c6926f79c40e4d35f45ffdce0b0d562d78f1b08ff824556d9f95d9986,m3_current_single_edge_v1,"[30.0, 15.0, 7.5]","[54.998136388761345, 54.998136388761345, 54.998136388761345]","[0.0, 0.0]",True,True,eligible_within_tested_discretization,0.1,qinling_mountain
sha256:a4f3c41c6926f79c40e4d35f45ffdce0b0d562d78f1b08ff824556d9f95d9986,reference_multi_edge_deygout_v1,"[30.0, 15.0, 7.5]","[173.59715222958744, 174.65458883282642, 175.9969681287798]","[1.0574366032389833, 1.3423792959533785]",True,True,unverified,0.1,qinling_mountain
sha256:a4f3c41c6926f79c40e4d35f45ffdce0b0d562d78f1b08ff824556d9f95d9986,sky_horizon_outline_v1,"[30.0, 15.0, 7.5]","[null, null, null]","[null, null]",True,True,not_attenuation_reference,0.1,qinling_mountain
sha256:a513be4f74ffbee28fb09649857482770dfa8251fa7ced0388c06245f79d02be,m3_current_single_edge_v1,"[10.0, 5.0, 2.5]","[65.17043921644392, 65.17043921644392, 65.17043921644392]","[0.0, 0.0]",True,True,eligible_within_tested_discretization,0.1,deep_ridge
sha256:a513be4f74ffbee28fb09649857482770dfa8251fa7ced0388c06245f79d02be,reference_multi_edge_deygout_v1,"[10.0, 5.0, 2.5]","[65.17043921644392, 65.17043921644392, 65.17043921644392]","[0.0, 0.0]",True,True,eligible_within_tested_discretization,0.1,deep_ridge
sha256:a513be4f74ffbee28fb09649857482770dfa8251fa7ced0388c06245f79d02be,sky_horizon_outline_v1,"[10.0, 5.0, 2.5]","[null, null, null]","[null, null]",True,True,not_attenuation_reference,0.1,deep_ridge
sha256:a5ecac54d3af75c6a329be5773503b42fcc44d45265f51c263f98a8560ba7145,m3_current_single_edge_v1,"[30.0, 15.0, 7.5]","[0.0, 0.0, 0.0]","[0.0, 0.0]",True,True,eligible_within_tested_discretization,0.1,qinling_foothill
sha256:a5ecac54d3af75c6a329be5773503b42fcc44d45265f51c263f98a8560ba7145,reference_multi_edge_deygout_v1,"[30.0, 15.0, 7.5]","[0.0, 0.0, 0.0]","[0.0, 0.0]",True,True,eligible_within_tested_discretization,0.1,qinling_foothill
sha256:a5ecac54d3af75c6a329be5773503b42fcc44d45265f51c263f98a8560ba7145,sky_horizon_outline_v1,"[30.0, 15.0, 7.5]","[null, null, null]","[null, null]",True,True,not_attenuation_reference,0.1,qinling_foothill
sha256:a6136211f4c83e6b1aaa7b76fb19ca0eb4d75dacc4b00fd8b938eef6db7a82ca,m3_current_single_edge_v1,"[10.0, 5.0, 2.5]","[0.0, 0.0, 0.0]","[0.0, 0.0]",True,True,eligible_within_tested_discretization,0.1,flat
sha256:a6136211f4c83e6b1aaa7b76fb19ca0eb4d75dacc4b00fd8b938eef6db7a82ca,reference_multi_edge_deygout_v1,"[10.0, 5.0, 2.5]","[0.0, 0.0, 0.0]","[0.0, 0.0]",True,True,eligible_within_tested_discretization,0.1,flat
sha256:a6136211f4c83e6b1aaa7b76fb19ca0eb4d75dacc4b00fd8b938eef6db7a82ca,sky_horizon_outline_v1,"[10.0, 5.0, 2.5]","[null, null, null]","[null, null]",True,True,not_attenuation_reference,0.1,flat
sha256:a62df5cbec5c2eed9ddcca24e587657651c63aa4945080504487b61bbb201ec0,m3_current_single_edge_v1,"[30.0, 15.0, 7.5]","[0.0, 0.0, 0.0]","[0.0, 0.0]",True,True,eligible_within_tested_discretization,0.1,xian_city
sha256:a62df5cbec5c2eed9ddcca24e587657651c63aa4945080504487b61bbb201ec0,reference_multi_edge_deygout_v1,"[30.0, 15.0, 7.5]","[0.0, 0.0, 0.0]","[0.0, 0.0]",True,True,eligible_within_tested_discretization,0.1,xian_city
sha256:a62df5cbec5c2eed9ddcca24e587657651c63aa4945080504487b61bbb201ec0,sky_horizon_outline_v1,"[30.0, 15.0, 7.5]","[null, null, null]","[null, null]",True,True,not_attenuation_reference,0.1,xian_city
sha256:a71bd39642f89c79f8ad6fdb6ce0169cee7aa611bf0113093e21844b6075d35e,m3_current_single_edge_v1,"[10.0, 5.0, 2.5]","[2.676758218668766, 2.676758218668766, 2.676758218668766]","[0.0, 0.0]",True,True,eligible_within_tested_discretization,0.1,double_ridge
sha256:a71bd39642f89c79f8ad6fdb6ce0169cee7aa611bf0113093e21844b6075d35e,reference_multi_edge_deygout_v1,"[10.0, 5.0, 2.5]","[2.6767582186687653, 2.6767582186687653, 2.6767582186687653]","[0.0, 0.0]",True,True,eligible_within_tested_discretization,0.1,double_ridge
sha256:a71bd39642f89c79f8ad6fdb6ce0169cee7aa611bf0113093e21844b6075d35e,sky_horizon_outline_v1,"[10.0, 5.0, 2.5]","[null, null, null]","[null, null]",True,True,not_attenuation_reference,0.1,double_ridge
sha256:a73dfb00b2b0b5804cc238fed29956bdf56ca69b2119c395aeb9eb1ef56f6f3f,m3_current_single_edge_v1,"[10.0, 5.0, 2.5]","[null, null, null]","[null, null]",False,True,unavailable,0.1,flat
sha256:a73dfb00b2b0b5804cc238fed29956bdf56ca69b2119c395aeb9eb1ef56f6f3f,reference_multi_edge_deygout_v1,"[10.0, 5.0, 2.5]","[null, null, null]","[null, null]",False,True,unavailable,0.1,flat
sha256:a73dfb00b2b0b5804cc238fed29956bdf56ca69b2119c395aeb9eb1ef56f6f3f,sky_horizon_outline_v1,"[10.0, 5.0, 2.5]","[null, null, null]","[null, null]",False,True,not_attenuation_reference,0.1,flat
sha256:a881d8bd7e09118781eadc2d4e6f559a5c33d940ee841d61b232f422758bef03,m3_current_single_edge_v1,"[10.0, 5.0, 2.5]","[0.0, 0.0, 0.0]","[0.0, 0.0]",True,True,eligible_within_tested_discretization,0.1,single_ridge
sha256:a881d8bd7e09118781eadc2d4e6f559a5c33d940ee841d61b232f422758bef03,reference_multi_edge_deygout_v1,"[10.0, 5.0, 2.5]","[0.0, 0.0, 0.0]","[0.0, 0.0]",True,True,eligible_within_tested_discretization,0.1,single_ridge
sha256:a881d8bd7e09118781eadc2d4e6f559a5c33d940ee841d61b232f422758bef03,sky_horizon_outline_v1,"[10.0, 5.0, 2.5]","[null, null, null]","[null, null]",True,True,not_attenuation_reference,0.1,single_ridge
sha256:aa282c3fe7d3ca6acc5e7b2bfcf9f8c6e67810ddf36851a89da5d179a2a984b6,m3_current_single_edge_v1,"[10.0, 5.0, 2.5]","[58.4014819750303, 58.4014819750303, 58.4014819750303]","[0.0, 0.0]",True,True,eligible_within_tested_discretization,0.1,deep_ridge
sha256:aa282c3fe7d3ca6acc5e7b2bfcf9f8c6e67810ddf36851a89da5d179a2a984b6,reference_multi_edge_deygout_v1,"[10.0, 5.0, 2.5]","[58.40148197503031, 58.40148197503031, 58.40148197503031]","[0.0, 0.0]",True,True,eligible_within_tested_discretization,0.1,deep_ridge
sha256:aa282c3fe7d3ca6acc5e7b2bfcf9f8c6e67810ddf36851a89da5d179a2a984b6,sky_horizon_outline_v1,"[10.0, 5.0, 2.5]","[null, null, null]","[null, null]",True,True,not_attenuation_reference,0.1,deep_ridge
sha256:aa7edef53802f3ff6d52dba380478ce36f1a681dc9b0cf1ca79484d2506ef3a9,m3_current_single_edge_v1,"[10.0, 5.0, 2.5]","[28.574285814010473, 28.574285814010473, 28.574285814010473]","[0.0, 0.0]",True,True,eligible_within_tested_discretization,0.1,terrace
sha256:aa7edef53802f3ff6d52dba380478ce36f1a681dc9b0cf1ca79484d2506ef3a9,reference_multi_edge_deygout_v1,"[10.0, 5.0, 2.5]","[28.574285814010473, 28.574285814010473, 28.574285814010473]","[0.0, 0.0]",True,True,eligible_within_tested_discretization,0.1,terrace
sha256:aa7edef53802f3ff6d52dba380478ce36f1a681dc9b0cf1ca79484d2506ef3a9,sky_horizon_outline_v1,"[10.0, 5.0, 2.5]","[null, null, null]","[null, null]",True,True,not_attenuation_reference,0.1,terrace
sha256:aa87cf127791c43e0f74c5c2b75ecc20c5c61d517fa521137e23844733902db2,m3_current_single_edge_v1,"[10.0, 5.0, 2.5]","[0.0, 0.0, 0.0]","[0.0, 0.0]",True,True,eligible_within_tested_discretization,0.1,terrace
sha256:aa87cf127791c43e0f74c5c2b75ecc20c5c61d517fa521137e23844733902db2,reference_multi_edge_deygout_v1,"[10.0, 5.0, 2.5]","[0.0, 0.0, 0.0]","[0.0, 0.0]",True,True,eligible_within_tested_discretization,0.1,terrace
sha256:aa87cf127791c43e0f74c5c2b75ecc20c5c61d517fa521137e23844733902db2,sky_horizon_outline_v1,"[10.0, 5.0, 2.5]","[null, null, null]","[null, null]",True,True,not_attenuation_reference,0.1,terrace
sha256:ab4055901f92cd441748c63020a3cd5beb2642d02e407ebb6a23c1df43d9b76a,m3_current_single_edge_v1,"[10.0, 5.0, 2.5]","[0.0, 0.0, 0.0]","[0.0, 0.0]",True,True,eligible_within_tested_discretization,0.1,double_ridge
sha256:ab4055901f92cd441748c63020a3cd5beb2642d02e407ebb6a23c1df43d9b76a,reference_multi_edge_deygout_v1,"[10.0, 5.0, 2.5]","[0.0, 0.0, 0.0]","[0.0, 0.0]",True,True,eligible_within_tested_discretization,0.1,double_ridge
sha256:ab4055901f92cd441748c63020a3cd5beb2642d02e407ebb6a23c1df43d9b76a,sky_horizon_outline_v1,"[10.0, 5.0, 2.5]","[null, null, null]","[null, null]",True,True,not_attenuation_reference,0.1,double_ridge
sha256:ac4ea686c09631c64f67de467c307c91a7db075962fb14d07e400dd7ebdce6e2,m3_current_single_edge_v1,"[10.0, 5.0, 2.5]","[65.15754993191118, 65.15754993191118, 65.15754993191118]","[0.0, 0.0]",True,True,eligible_within_tested_discretization,0.1,deep_ridge
sha256:ac4ea686c09631c64f67de467c307c91a7db075962fb14d07e400dd7ebdce6e2,reference_multi_edge_deygout_v1,"[10.0, 5.0, 2.5]","[67.62020661017681, 68.23959959696619, 69.07467491815883]","[0.6193929867893786, 0.8350753211926474]",True,True,unverified,0.1,deep_ridge
sha256:ac4ea686c09631c64f67de467c307c91a7db075962fb14d07e400dd7ebdce6e2,sky_horizon_outline_v1,"[10.0, 5.0, 2.5]","[null, null, null]","[null, null]",True,True,not_attenuation_reference,0.1,deep_ridge
sha256:ac84679b2abe4ad6add5a9a33c7f0c296e24fc5680cd0a02c99078ce74d4fdd8,m3_current_single_edge_v1,"[10.0, 5.0, 2.5]","[0.0, 0.0, 0.0]","[0.0, 0.0]",True,True,eligible_within_tested_discretization,0.1,flat
sha256:ac84679b2abe4ad6add5a9a33c7f0c296e24fc5680cd0a02c99078ce74d4fdd8,reference_multi_edge_deygout_v1,"[10.0, 5.0, 2.5]","[0.0, 0.0, 0.0]","[0.0, 0.0]",True,True,eligible_within_tested_discretization,0.1,flat
sha256:ac84679b2abe4ad6add5a9a33c7f0c296e24fc5680cd0a02c99078ce74d4fdd8,sky_horizon_outline_v1,"[10.0, 5.0, 2.5]","[null, null, null]","[null, null]",True,True,not_attenuation_reference,0.1,flat
sha256:acd3e3a50ad082ab828e14b2c74c71e2f871eb411f6f3e79140cdd2cd7f0c5be,m3_current_single_edge_v1,"[10.0, 5.0, 2.5]","[0.0, 0.0, 0.0]","[0.0, 0.0]",True,True,eligible_within_tested_discretization,0.1,terrace
sha256:acd3e3a50ad082ab828e14b2c74c71e2f871eb411f6f3e79140cdd2cd7f0c5be,reference_multi_edge_deygout_v1,"[10.0, 5.0, 2.5]","[0.0, 0.0, 0.0]","[0.0, 0.0]",True,True,eligible_within_tested_discretization,0.1,terrace
sha256:acd3e3a50ad082ab828e14b2c74c71e2f871eb411f6f3e79140cdd2cd7f0c5be,sky_horizon_outline_v1,"[10.0, 5.0, 2.5]","[null, null, null]","[null, null]",True,True,not_attenuation_reference,0.1,terrace
sha256:ad612113b42e55a8d120f36dbdfff869af920df515b63694f60f223ccbdb00d0,m3_current_single_edge_v1,"[30.0, 15.0, 7.5]","[0.0, 0.0, 0.0]","[0.0, 0.0]",True,True,eligible_within_tested_discretization,0.1,qinling_foothill
sha256:ad612113b42e55a8d120f36dbdfff869af920df515b63694f60f223ccbdb00d0,reference_multi_edge_deygout_v1,"[30.0, 15.0, 7.5]","[0.0, 0.0, 0.0]","[0.0, 0.0]",True,True,eligible_within_tested_discretization,0.1,qinling_foothill
sha256:ad612113b42e55a8d120f36dbdfff869af920df515b63694f60f223ccbdb00d0,sky_horizon_outline_v1,"[30.0, 15.0, 7.5]","[null, null, null]","[null, null]",True,True,not_attenuation_reference,0.1,qinling_foothill
sha256:aeb8e9cdbdea32c499bea9059b89c445cf6b2e132e3a35c2e6301f6267cf2dad,m3_current_single_edge_v1,"[10.0, 5.0, 2.5]","[0.0, 0.0, 0.0]","[0.0, 0.0]",True,True,eligible_within_tested_discretization,0.1,terrace
sha256:aeb8e9cdbdea32c499bea9059b89c445cf6b2e132e3a35c2e6301f6267cf2dad,reference_multi_edge_deygout_v1,"[10.0, 5.0, 2.5]","[0.0, 0.0, 0.0]","[0.0, 0.0]",True,True,eligible_within_tested_discretization,0.1,terrace
sha256:aeb8e9cdbdea32c499bea9059b89c445cf6b2e132e3a35c2e6301f6267cf2dad,sky_horizon_outline_v1,"[10.0, 5.0, 2.5]","[null, null, null]","[null, null]",True,True,not_attenuation_reference,0.1,terrace
sha256:aed9da4a46d5fc08705918f9d063c770e73c88f23d4754c91058b94a1c876d12,m3_current_single_edge_v1,"[30.0, 15.0, 7.5]","[0.0, 0.0, 0.0]","[0.0, 0.0]",True,True,eligible_within_tested_discretization,0.1,qinling_foothill
sha256:aed9da4a46d5fc08705918f9d063c770e73c88f23d4754c91058b94a1c876d12,reference_multi_edge_deygout_v1,"[30.0, 15.0, 7.5]","[0.0, 0.0, 0.0]","[0.0, 0.0]",True,True,eligible_within_tested_discretization,0.1,qinling_foothill
sha256:aed9da4a46d5fc08705918f9d063c770e73c88f23d4754c91058b94a1c876d12,sky_horizon_outline_v1,"[30.0, 15.0, 7.5]","[null, null, null]","[null, null]",True,True,not_attenuation_reference,0.1,qinling_foothill
sha256:af0c5b16bee949401413a66a1e168561e9bb5b92e3620444a3c2f6e71fc8e472,m3_current_single_edge_v1,"[30.0, 15.0, 7.5]","[53.04412266453737, 53.04412266453737, 53.04412266453737]","[0.0, 0.0]",True,True,eligible_within_tested_discretization,0.1,qinling_mountain
sha256:af0c5b16bee949401413a66a1e168561e9bb5b92e3620444a3c2f6e71fc8e472,reference_multi_edge_deygout_v1,"[30.0, 15.0, 7.5]","[78.95271134079375, 79.95468707626797, 81.30991346699484]","[1.0019757354742183, 1.3552263907268696]",True,True,unverified,0.1,qinling_mountain
sha256:af0c5b16bee949401413a66a1e168561e9bb5b92e3620444a3c2f6e71fc8e472,sky_horizon_outline_v1,"[30.0, 15.0, 7.5]","[null, null, null]","[null, null]",True,True,not_attenuation_reference,0.1,qinling_mountain
sha256:b12246442a957ed6824eeb6201655ee3d947536581eeb0c4d38eb2aabd2d8117,m3_current_single_edge_v1,"[10.0, 5.0, 2.5]","[65.17044979201091, 65.17044979201091, 65.17044979201091]","[0.0, 0.0]",True,True,eligible_within_tested_discretization,0.1,deep_ridge
sha256:b12246442a957ed6824eeb6201655ee3d947536581eeb0c4d38eb2aabd2d8117,reference_multi_edge_deygout_v1,"[10.0, 5.0, 2.5]","[65.17044979201091, 65.17044979201091, 65.17044979201091]","[0.0, 0.0]",True,True,eligible_within_tested_discretization,0.1,deep_ridge
sha256:b12246442a957ed6824eeb6201655ee3d947536581eeb0c4d38eb2aabd2d8117,sky_horizon_outline_v1,"[10.0, 5.0, 2.5]","[null, null, null]","[null, null]",True,True,not_attenuation_reference,0.1,deep_ridge
sha256:b1911ce22a077baaa3d55fd8b8602a7af4cf1655ddfd5279665822723ddf3637,m3_current_single_edge_v1,"[30.0, 15.0, 7.5]","[21.361763338359786, 21.361763338359786, 21.361763338359786]","[0.0, 0.0]",True,True,eligible_within_tested_discretization,0.1,qinling_mountain
sha256:b1911ce22a077baaa3d55fd8b8602a7af4cf1655ddfd5279665822723ddf3637,reference_multi_edge_deygout_v1,"[30.0, 15.0, 7.5]","[21.361763338359786, 22.255592568617825, 23.635696385604245]","[0.8938292302580386, 1.38010381698642]",True,True,unverified,0.1,qinling_mountain
sha256:b1911ce22a077baaa3d55fd8b8602a7af4cf1655ddfd5279665822723ddf3637,sky_horizon_outline_v1,"[30.0, 15.0, 7.5]","[null, null, null]","[null, null]",True,True,not_attenuation_reference,0.1,qinling_mountain
sha256:b1c600b0a67ff2e6ea38b4f03f1ff61e0c452f41d6f5fbb1cfa38ab0e87622f7,m3_current_single_edge_v1,"[10.0, 5.0, 2.5]","[0.0, 0.0, 0.0]","[0.0, 0.0]",True,True,eligible_within_tested_discretization,0.1,terrace
sha256:b1c600b0a67ff2e6ea38b4f03f1ff61e0c452f41d6f5fbb1cfa38ab0e87622f7,reference_multi_edge_deygout_v1,"[10.0, 5.0, 2.5]","[0.0, 0.0, 0.0]","[0.0, 0.0]",True,True,eligible_within_tested_discretization,0.1,terrace
sha256:b1c600b0a67ff2e6ea38b4f03f1ff61e0c452f41d6f5fbb1cfa38ab0e87622f7,sky_horizon_outline_v1,"[10.0, 5.0, 2.5]","[null, null, null]","[null, null]",True,True,not_attenuation_reference,0.1,terrace
sha256:b1d7ea399c29819f2a96f3f8c7b8ddcf289f82aba4c485755817b6ffe9a991f0,m3_current_single_edge_v1,"[10.0, 5.0, 2.5]","[42.962838904928766, 42.962838904928766, 42.962838904928766]","[0.0, 0.0]",True,True,eligible_within_tested_discretization,0.1,double_ridge
sha256:b1d7ea399c29819f2a96f3f8c7b8ddcf289f82aba4c485755817b6ffe9a991f0,reference_multi_edge_deygout_v1,"[10.0, 5.0, 2.5]","[45.25861508945664, 45.904099201882104, 46.77663761086619]","[0.6454841124254642, 0.8725384089840844]",True,True,unverified,0.1,double_ridge
sha256:b1d7ea399c29819f2a96f3f8c7b8ddcf289f82aba4c485755817b6ffe9a991f0,sky_horizon_outline_v1,"[10.0, 5.0, 2.5]","[null, null, null]","[null, null]",True,True,not_attenuation_reference,0.1,double_ridge
sha256:b27b79d09ec808b4eb1e22d145798b7d213944420c54dde4163ea04ada35e4be,m3_current_single_edge_v1,"[10.0, 5.0, 2.5]","[null, null, null]","[null, null]",False,True,unavailable,0.1,single_ridge
sha256:b27b79d09ec808b4eb1e22d145798b7d213944420c54dde4163ea04ada35e4be,reference_multi_edge_deygout_v1,"[10.0, 5.0, 2.5]","[null, null, null]","[null, null]",False,True,unavailable,0.1,single_ridge
sha256:b27b79d09ec808b4eb1e22d145798b7d213944420c54dde4163ea04ada35e4be,sky_horizon_outline_v1,"[10.0, 5.0, 2.5]","[null, null, null]","[null, null]",False,True,not_attenuation_reference,0.1,single_ridge
sha256:b317fd346cb0869bb2647269d42d7b926db5fa5fe9da1ef38d5ad8c45005e6cf,m3_current_single_edge_v1,"[10.0, 5.0, 2.5]","[0.0, 0.0, 0.0]","[0.0, 0.0]",True,True,eligible_within_tested_discretization,0.1,single_ridge
sha256:b317fd346cb0869bb2647269d42d7b926db5fa5fe9da1ef38d5ad8c45005e6cf,reference_multi_edge_deygout_v1,"[10.0, 5.0, 2.5]","[0.0, 0.0, 0.0]","[0.0, 0.0]",True,True,eligible_within_tested_discretization,0.1,single_ridge
sha256:b317fd346cb0869bb2647269d42d7b926db5fa5fe9da1ef38d5ad8c45005e6cf,sky_horizon_outline_v1,"[10.0, 5.0, 2.5]","[null, null, null]","[null, null]",True,True,not_attenuation_reference,0.1,single_ridge
sha256:b8b2fc3a33c95398d1206255acb6cd94fa92271937d0590be6a379835bcf9740,m3_current_single_edge_v1,"[10.0, 5.0, 2.5]","[0.0, 0.0, 0.0]","[0.0, 0.0]",True,True,eligible_within_tested_discretization,0.1,single_ridge
sha256:b8b2fc3a33c95398d1206255acb6cd94fa92271937d0590be6a379835bcf9740,reference_multi_edge_deygout_v1,"[10.0, 5.0, 2.5]","[0.0, 0.0, 0.0]","[0.0, 0.0]",True,True,eligible_within_tested_discretization,0.1,single_ridge
sha256:b8b2fc3a33c95398d1206255acb6cd94fa92271937d0590be6a379835bcf9740,sky_horizon_outline_v1,"[10.0, 5.0, 2.5]","[null, null, null]","[null, null]",True,True,not_attenuation_reference,0.1,single_ridge
sha256:b9552b49b86041570fadb27b0a3042ef6827f72514493873d2fe923cefeb9cb7,m3_current_single_edge_v1,"[30.0, 15.0, 7.5]","[37.22696821484032, 37.22696821484032, 37.22696821484032]","[0.0, 0.0]",True,True,eligible_within_tested_discretization,0.1,qinling_foothill
sha256:b9552b49b86041570fadb27b0a3042ef6827f72514493873d2fe923cefeb9cb7,reference_multi_edge_deygout_v1,"[30.0, 15.0, 7.5]","[37.226968214840326, 38.001874431493675, 39.409072188987764]","[0.7749062166533491, 1.4071977574940888]",True,True,unverified,0.1,qinling_foothill
sha256:b9552b49b86041570fadb27b0a3042ef6827f72514493873d2fe923cefeb9cb7,sky_horizon_outline_v1,"[30.0, 15.0, 7.5]","[null, null, null]","[null, null]",True,True,not_attenuation_reference,0.1,qinling_foothill
sha256:b96a80d3830b5038da36ae4f50227126e088c61b7938fa49002a537e2211e0f9,m3_current_single_edge_v1,"[10.0, 5.0, 2.5]","[null, null, null]","[null, null]",False,True,unavailable,0.1,terrace
sha256:b96a80d3830b5038da36ae4f50227126e088c61b7938fa49002a537e2211e0f9,reference_multi_edge_deygout_v1,"[10.0, 5.0, 2.5]","[null, null, null]","[null, null]",False,True,unavailable,0.1,terrace
sha256:b96a80d3830b5038da36ae4f50227126e088c61b7938fa49002a537e2211e0f9,sky_horizon_outline_v1,"[10.0, 5.0, 2.5]","[null, null, null]","[null, null]",False,True,not_attenuation_reference,0.1,terrace
sha256:ba0036457ef5ee6f7b49969d181ca014b35902bbaf2d193ba529b71fb9859f6e,m3_current_single_edge_v1,"[10.0, 5.0, 2.5]","[0.0, 0.0, 0.0]","[0.0, 0.0]",True,True,eligible_within_tested_discretization,0.1,terrace
sha256:ba0036457ef5ee6f7b49969d181ca014b35902bbaf2d193ba529b71fb9859f6e,reference_multi_edge_deygout_v1,"[10.0, 5.0, 2.5]","[0.0, 0.0, 0.0]","[0.0, 0.0]",True,True,eligible_within_tested_discretization,0.1,terrace
sha256:ba0036457ef5ee6f7b49969d181ca014b35902bbaf2d193ba529b71fb9859f6e,sky_horizon_outline_v1,"[10.0, 5.0, 2.5]","[null, null, null]","[null, null]",True,True,not_attenuation_reference,0.1,terrace
sha256:bab275de91f34f49d8f58aa348fe7532b3b5199dd5b119f727360695bfcafd02,m3_current_single_edge_v1,"[30.0, 15.0, 7.5]","[0.0, 0.0, 0.0]","[0.0, 0.0]",True,True,eligible_within_tested_discretization,0.1,xian_city
sha256:bab275de91f34f49d8f58aa348fe7532b3b5199dd5b119f727360695bfcafd02,reference_multi_edge_deygout_v1,"[30.0, 15.0, 7.5]","[0.0, 0.0, 0.0]","[0.0, 0.0]",True,True,eligible_within_tested_discretization,0.1,xian_city
sha256:bab275de91f34f49d8f58aa348fe7532b3b5199dd5b119f727360695bfcafd02,sky_horizon_outline_v1,"[30.0, 15.0, 7.5]","[null, null, null]","[null, null]",True,True,not_attenuation_reference,0.1,xian_city
sha256:bada0fe4f827d3326d94f80a1b90e7b3890b0d92ba02e6fd434feb5d751e7839,m3_current_single_edge_v1,"[10.0, 5.0, 2.5]","[0.0, 0.0, 0.0]","[0.0, 0.0]",True,True,eligible_within_tested_discretization,0.1,flat
sha256:bada0fe4f827d3326d94f80a1b90e7b3890b0d92ba02e6fd434feb5d751e7839,reference_multi_edge_deygout_v1,"[10.0, 5.0, 2.5]","[0.0, 0.0, 0.0]","[0.0, 0.0]",True,True,eligible_within_tested_discretization,0.1,flat
sha256:bada0fe4f827d3326d94f80a1b90e7b3890b0d92ba02e6fd434feb5d751e7839,sky_horizon_outline_v1,"[10.0, 5.0, 2.5]","[null, null, null]","[null, null]",True,True,not_attenuation_reference,0.1,flat
sha256:bae48a5cc08dcd3cb23081afe6e43f05e01c2fbd0c3eaa01808a4a804884652d,m3_current_single_edge_v1,"[30.0, 15.0, 7.5]","[0.0, 0.0, 0.0]","[0.0, 0.0]",True,True,eligible_within_tested_discretization,0.1,xian_city
sha256:bae48a5cc08dcd3cb23081afe6e43f05e01c2fbd0c3eaa01808a4a804884652d,reference_multi_edge_deygout_v1,"[30.0, 15.0, 7.5]","[0.0, 0.0, 0.0]","[0.0, 0.0]",True,True,eligible_within_tested_discretization,0.1,xian_city
sha256:bae48a5cc08dcd3cb23081afe6e43f05e01c2fbd0c3eaa01808a4a804884652d,sky_horizon_outline_v1,"[30.0, 15.0, 7.5]","[null, null, null]","[null, null]",True,True,not_attenuation_reference,0.1,xian_city
sha256:bb9bf8873f6d59426c5a579416bf55eabb66a3a7f02f5dfa6f8039b7786e3613,m3_current_single_edge_v1,"[10.0, 5.0, 2.5]","[0.0, 0.0, 0.0]","[0.0, 0.0]",True,True,eligible_within_tested_discretization,0.1,terrace
sha256:bb9bf8873f6d59426c5a579416bf55eabb66a3a7f02f5dfa6f8039b7786e3613,reference_multi_edge_deygout_v1,"[10.0, 5.0, 2.5]","[0.0, 0.0, 0.0]","[0.0, 0.0]",True,True,eligible_within_tested_discretization,0.1,terrace
sha256:bb9bf8873f6d59426c5a579416bf55eabb66a3a7f02f5dfa6f8039b7786e3613,sky_horizon_outline_v1,"[10.0, 5.0, 2.5]","[null, null, null]","[null, null]",True,True,not_attenuation_reference,0.1,terrace
sha256:bbfc6fd51fc152450dedbc961cb486123a33e31cdb4e356ea3ff5717837bf970,m3_current_single_edge_v1,"[10.0, 5.0, 2.5]","[0.0, 0.0, 0.0]","[0.0, 0.0]",True,True,eligible_within_tested_discretization,0.1,flat
sha256:bbfc6fd51fc152450dedbc961cb486123a33e31cdb4e356ea3ff5717837bf970,reference_multi_edge_deygout_v1,"[10.0, 5.0, 2.5]","[0.0, 0.0, 0.0]","[0.0, 0.0]",True,True,eligible_within_tested_discretization,0.1,flat
sha256:bbfc6fd51fc152450dedbc961cb486123a33e31cdb4e356ea3ff5717837bf970,sky_horizon_outline_v1,"[10.0, 5.0, 2.5]","[null, null, null]","[null, null]",True,True,not_attenuation_reference,0.1,flat
sha256:bc85f07f8aa0484181baca45f92b710797450fba245f554d77c93db24493c203,m3_current_single_edge_v1,"[10.0, 5.0, 2.5]","[0.0, 0.0, 0.0]","[0.0, 0.0]",True,True,eligible_within_tested_discretization,0.1,flat
sha256:bc85f07f8aa0484181baca45f92b710797450fba245f554d77c93db24493c203,reference_multi_edge_deygout_v1,"[10.0, 5.0, 2.5]","[0.0, 0.0, 0.0]","[0.0, 0.0]",True,True,eligible_within_tested_discretization,0.1,flat
sha256:bc85f07f8aa0484181baca45f92b710797450fba245f554d77c93db24493c203,sky_horizon_outline_v1,"[10.0, 5.0, 2.5]","[null, null, null]","[null, null]",True,True,not_attenuation_reference,0.1,flat
sha256:bd48862712a918ec539b6ef8e21911d5eb6229b7a3808383b63c59c0ad77de6b,m3_current_single_edge_v1,"[30.0, 15.0, 7.5]","[0.0, 0.0, 0.0]","[0.0, 0.0]",True,True,eligible_within_tested_discretization,0.1,qinling_foothill
sha256:bd48862712a918ec539b6ef8e21911d5eb6229b7a3808383b63c59c0ad77de6b,reference_multi_edge_deygout_v1,"[30.0, 15.0, 7.5]","[0.0, 0.0, 0.0]","[0.0, 0.0]",True,True,eligible_within_tested_discretization,0.1,qinling_foothill
sha256:bd48862712a918ec539b6ef8e21911d5eb6229b7a3808383b63c59c0ad77de6b,sky_horizon_outline_v1,"[30.0, 15.0, 7.5]","[null, null, null]","[null, null]",True,True,not_attenuation_reference,0.1,qinling_foothill
sha256:be29b8f35f02d6f1f12012d445bbf88745a907364c78c49576b75e9b3ae4128b,m3_current_single_edge_v1,"[10.0, 5.0, 2.5]","[36.73158663258579, 36.73158663258579, 36.73158663258579]","[0.0, 0.0]",True,True,eligible_within_tested_discretization,0.1,double_ridge
sha256:be29b8f35f02d6f1f12012d445bbf88745a907364c78c49576b75e9b3ae4128b,reference_multi_edge_deygout_v1,"[10.0, 5.0, 2.5]","[41.55196517001792, 41.90401496060507, 42.154670692165936]","[0.35204979058714514, 0.25065573156086884]",True,True,unverified,0.1,double_ridge
sha256:be29b8f35f02d6f1f12012d445bbf88745a907364c78c49576b75e9b3ae4128b,sky_horizon_outline_v1,"[10.0, 5.0, 2.5]","[null, null, null]","[null, null]",True,True,not_attenuation_reference,0.1,double_ridge
sha256:bf5edf3b1f983d4e97b77f44bb8375dc609a212f2d92ec9b796b53bf4142fc5e,m3_current_single_edge_v1,"[30.0, 15.0, 7.5]","[49.38008504796344, 49.38008504796344, 49.38008504796344]","[0.0, 0.0]",True,True,eligible_within_tested_discretization,0.1,qinling_mountain
sha256:bf5edf3b1f983d4e97b77f44bb8375dc609a212f2d92ec9b796b53bf4142fc5e,reference_multi_edge_deygout_v1,"[30.0, 15.0, 7.5]","[111.4654334683289, 111.4654334683289, 111.4654334683289]","[0.0, 0.0]",True,True,eligible_within_tested_discretization,0.1,qinling_mountain
sha256:bf5edf3b1f983d4e97b77f44bb8375dc609a212f2d92ec9b796b53bf4142fc5e,sky_horizon_outline_v1,"[30.0, 15.0, 7.5]","[null, null, null]","[null, null]",True,True,not_attenuation_reference,0.1,qinling_mountain
sha256:c014b93aa8fdc6ab6f5866163e9576f1cb340c49b21a22cacf374ac9e48f61f0,m3_current_single_edge_v1,"[30.0, 15.0, 7.5]","[0.0, 0.0, 0.0]","[0.0, 0.0]",True,True,eligible_within_tested_discretization,0.1,qinling_mountain
sha256:c014b93aa8fdc6ab6f5866163e9576f1cb340c49b21a22cacf374ac9e48f61f0,reference_multi_edge_deygout_v1,"[30.0, 15.0, 7.5]","[0.0, 0.0, 0.0]","[0.0, 0.0]",True,True,eligible_within_tested_discretization,0.1,qinling_mountain
sha256:c014b93aa8fdc6ab6f5866163e9576f1cb340c49b21a22cacf374ac9e48f61f0,sky_horizon_outline_v1,"[30.0, 15.0, 7.5]","[null, null, null]","[null, null]",True,True,not_attenuation_reference,0.1,qinling_mountain
sha256:c04805d2a8ce131c2a65f94b6c99c0f79ff0a234aef085cc66ecc46691e89837,m3_current_single_edge_v1,"[10.0, 5.0, 2.5]","[0.0, 0.0, 0.0]","[0.0, 0.0]",True,True,eligible_within_tested_discretization,0.1,single_ridge
sha256:c04805d2a8ce131c2a65f94b6c99c0f79ff0a234aef085cc66ecc46691e89837,reference_multi_edge_deygout_v1,"[10.0, 5.0, 2.5]","[0.0, 0.0, 0.0]","[0.0, 0.0]",True,True,eligible_within_tested_discretization,0.1,single_ridge
sha256:c04805d2a8ce131c2a65f94b6c99c0f79ff0a234aef085cc66ecc46691e89837,sky_horizon_outline_v1,"[10.0, 5.0, 2.5]","[null, null, null]","[null, null]",True,True,not_attenuation_reference,0.1,single_ridge
sha256:c0b1cca725ba7354471cee1024a492abdf7476a6d223b63f68507110e2c7b8f1,m3_current_single_edge_v1,"[10.0, 5.0, 2.5]","[48.37825312177163, 48.37825312177163, 48.37825312177163]","[0.0, 0.0]",True,True,eligible_within_tested_discretization,0.1,double_ridge
sha256:c0b1cca725ba7354471cee1024a492abdf7476a6d223b63f68507110e2c7b8f1,reference_multi_edge_deygout_v1,"[10.0, 5.0, 2.5]","[50.04941671003112, 51.245568567756926, 52.13764309307504]","[1.196151857725809, 0.8920745253181153]",True,True,unverified,0.1,double_ridge
sha256:c0b1cca725ba7354471cee1024a492abdf7476a6d223b63f68507110e2c7b8f1,sky_horizon_outline_v1,"[10.0, 5.0, 2.5]","[null, null, null]","[null, null]",True,True,not_attenuation_reference,0.1,double_ridge
sha256:c0bd188f597435dd9d964f28387779b91d0ad4c9a7d2cd1739d3d1c25d2fe5e7,m3_current_single_edge_v1,"[10.0, 5.0, 2.5]","[0.0, 0.0, 0.0]","[0.0, 0.0]",True,True,eligible_within_tested_discretization,0.1,double_ridge
sha256:c0bd188f597435dd9d964f28387779b91d0ad4c9a7d2cd1739d3d1c25d2fe5e7,reference_multi_edge_deygout_v1,"[10.0, 5.0, 2.5]","[0.0, 0.0, 0.0]","[0.0, 0.0]",True,True,eligible_within_tested_discretization,0.1,double_ridge
sha256:c0bd188f597435dd9d964f28387779b91d0ad4c9a7d2cd1739d3d1c25d2fe5e7,sky_horizon_outline_v1,"[10.0, 5.0, 2.5]","[null, null, null]","[null, null]",True,True,not_attenuation_reference,0.1,double_ridge
sha256:c150f2e5850dba5c05e503ab1badc0ea870f7f283dcdd5b5cf791465790f77f7,m3_current_single_edge_v1,"[30.0, 15.0, 7.5]","[0.0, 0.0, 0.0]","[0.0, 0.0]",True,True,eligible_within_tested_discretization,0.1,xian_city
sha256:c150f2e5850dba5c05e503ab1badc0ea870f7f283dcdd5b5cf791465790f77f7,reference_multi_edge_deygout_v1,"[30.0, 15.0, 7.5]","[0.0, 0.0, 0.0]","[0.0, 0.0]",True,True,eligible_within_tested_discretization,0.1,xian_city
sha256:c150f2e5850dba5c05e503ab1badc0ea870f7f283dcdd5b5cf791465790f77f7,sky_horizon_outline_v1,"[30.0, 15.0, 7.5]","[null, null, null]","[null, null]",True,True,not_attenuation_reference,0.1,xian_city
sha256:c1f5a0dcdaa2b05069800677e19824d28fbb1e3b874d385e8bd0773d8ecff080,m3_current_single_edge_v1,"[10.0, 5.0, 2.5]","[0.0, 0.0, 0.0]","[0.0, 0.0]",True,True,eligible_within_tested_discretization,0.1,double_ridge
sha256:c1f5a0dcdaa2b05069800677e19824d28fbb1e3b874d385e8bd0773d8ecff080,reference_multi_edge_deygout_v1,"[10.0, 5.0, 2.5]","[0.0, 0.0, 0.0]","[0.0, 0.0]",True,True,eligible_within_tested_discretization,0.1,double_ridge
sha256:c1f5a0dcdaa2b05069800677e19824d28fbb1e3b874d385e8bd0773d8ecff080,sky_horizon_outline_v1,"[10.0, 5.0, 2.5]","[null, null, null]","[null, null]",True,True,not_attenuation_reference,0.1,double_ridge
sha256:c1f894bf4ca1fc0fa1a62367bdd113a041da925dc7fc8e341c5e7600ec13908f,m3_current_single_edge_v1,"[30.0, 15.0, 7.5]","[0.0, 0.0, 0.0]","[0.0, 0.0]",True,True,eligible_within_tested_discretization,0.1,qinling_foothill
sha256:c1f894bf4ca1fc0fa1a62367bdd113a041da925dc7fc8e341c5e7600ec13908f,reference_multi_edge_deygout_v1,"[30.0, 15.0, 7.5]","[0.0, 0.0, 0.0]","[0.0, 0.0]",True,True,eligible_within_tested_discretization,0.1,qinling_foothill
sha256:c1f894bf4ca1fc0fa1a62367bdd113a041da925dc7fc8e341c5e7600ec13908f,sky_horizon_outline_v1,"[30.0, 15.0, 7.5]","[null, null, null]","[null, null]",True,True,not_attenuation_reference,0.1,qinling_foothill
sha256:c2c554844e900929451745c23d0ddebdbaa6759fafc2121ba2d961e5af43241b,m3_current_single_edge_v1,"[30.0, 15.0, 7.5]","[0.0, 0.0, 0.0]","[0.0, 0.0]",True,True,eligible_within_tested_discretization,0.1,qinling_mountain
sha256:c2c554844e900929451745c23d0ddebdbaa6759fafc2121ba2d961e5af43241b,reference_multi_edge_deygout_v1,"[30.0, 15.0, 7.5]","[0.0, 0.0, 0.0]","[0.0, 0.0]",True,True,eligible_within_tested_discretization,0.1,qinling_mountain
sha256:c2c554844e900929451745c23d0ddebdbaa6759fafc2121ba2d961e5af43241b,sky_horizon_outline_v1,"[30.0, 15.0, 7.5]","[null, null, null]","[null, null]",True,True,not_attenuation_reference,0.1,qinling_mountain
sha256:c33ab52221e4d19181ddcd89283d66b238e270d7711c9dc51bc0689fbe3ef9e5,m3_current_single_edge_v1,[5],[null],[],False,True,unavailable,0.1,receiver_nodata
sha256:c33ab52221e4d19181ddcd89283d66b238e270d7711c9dc51bc0689fbe3ef9e5,reference_multi_edge_deygout_v1,[5],[null],[],False,True,unavailable,0.1,receiver_nodata
sha256:c33ab52221e4d19181ddcd89283d66b238e270d7711c9dc51bc0689fbe3ef9e5,sky_horizon_outline_v1,[5],[null],[],False,True,not_attenuation_reference,0.1,receiver_nodata
sha256:c34726f41799ab7b7464a67637657eeec4c96a7916ea8c67f9d24dfe30efe1c1,m3_current_single_edge_v1,"[10.0, 5.0, 2.5]","[0.0, 0.0, 0.0]","[0.0, 0.0]",True,True,eligible_within_tested_discretization,0.1,deep_ridge
sha256:c34726f41799ab7b7464a67637657eeec4c96a7916ea8c67f9d24dfe30efe1c1,reference_multi_edge_deygout_v1,"[10.0, 5.0, 2.5]","[0.0, 0.0, 0.0]","[0.0, 0.0]",True,True,eligible_within_tested_discretization,0.1,deep_ridge
sha256:c34726f41799ab7b7464a67637657eeec4c96a7916ea8c67f9d24dfe30efe1c1,sky_horizon_outline_v1,"[10.0, 5.0, 2.5]","[null, null, null]","[null, null]",True,True,not_attenuation_reference,0.1,deep_ridge
sha256:c446ada8e059484db2f4683845e9d0046b33ef3c7982835e95ad2c7046dca324,m3_current_single_edge_v1,"[10.0, 5.0, 2.5]","[0.0, 0.0, 0.0]","[0.0, 0.0]",True,True,eligible_within_tested_discretization,0.1,terrace
sha256:c446ada8e059484db2f4683845e9d0046b33ef3c7982835e95ad2c7046dca324,reference_multi_edge_deygout_v1,"[10.0, 5.0, 2.5]","[0.0, 0.0, 0.0]","[0.0, 0.0]",True,True,eligible_within_tested_discretization,0.1,terrace
sha256:c446ada8e059484db2f4683845e9d0046b33ef3c7982835e95ad2c7046dca324,sky_horizon_outline_v1,"[10.0, 5.0, 2.5]","[null, null, null]","[null, null]",True,True,not_attenuation_reference,0.1,terrace
sha256:c57b8ac33578e19ba4cf036300662422d3beb426a10e127c2fa4bff501608a2d,m3_current_single_edge_v1,"[10.0, 5.0, 2.5]","[0.0, 0.0, 0.0]","[0.0, 0.0]",True,True,eligible_within_tested_discretization,0.1,double_ridge
sha256:c57b8ac33578e19ba4cf036300662422d3beb426a10e127c2fa4bff501608a2d,reference_multi_edge_deygout_v1,"[10.0, 5.0, 2.5]","[0.0, 0.0, 0.0]","[0.0, 0.0]",True,True,eligible_within_tested_discretization,0.1,double_ridge
sha256:c57b8ac33578e19ba4cf036300662422d3beb426a10e127c2fa4bff501608a2d,sky_horizon_outline_v1,"[10.0, 5.0, 2.5]","[null, null, null]","[null, null]",True,True,not_attenuation_reference,0.1,double_ridge
sha256:c63b615242eea994abe07c33ede1ce350d3e016b566c60642b3711057829f190,m3_current_single_edge_v1,"[30.0, 15.0, 7.5]","[0.0, 0.0, 0.0]","[0.0, 0.0]",True,True,eligible_within_tested_discretization,0.1,xian_city
sha256:c63b615242eea994abe07c33ede1ce350d3e016b566c60642b3711057829f190,reference_multi_edge_deygout_v1,"[30.0, 15.0, 7.5]","[0.0, 0.0, 0.0]","[0.0, 0.0]",True,True,eligible_within_tested_discretization,0.1,xian_city
sha256:c63b615242eea994abe07c33ede1ce350d3e016b566c60642b3711057829f190,sky_horizon_outline_v1,"[30.0, 15.0, 7.5]","[null, null, null]","[null, null]",True,True,not_attenuation_reference,0.1,xian_city
sha256:c9a0c2bf8daf53ee7dea241254444b49520cca3a6d7b0f52abbfa9346ca8de97,m3_current_single_edge_v1,"[10.0, 5.0, 2.5]","[66.5663311776537, 66.5663311776537, 66.5663311776537]","[0.0, 0.0]",True,True,eligible_within_tested_discretization,0.1,deep_ridge
sha256:c9a0c2bf8daf53ee7dea241254444b49520cca3a6d7b0f52abbfa9346ca8de97,reference_multi_edge_deygout_v1,"[10.0, 5.0, 2.5]","[68.413950849363, 69.56684536664874, 70.42364831068669]","[1.1528945172857306, 0.8568029440379519]",True,True,unverified,0.1,deep_ridge
sha256:c9a0c2bf8daf53ee7dea241254444b49520cca3a6d7b0f52abbfa9346ca8de97,sky_horizon_outline_v1,"[10.0, 5.0, 2.5]","[null, null, null]","[null, null]",True,True,not_attenuation_reference,0.1,deep_ridge
sha256:c9a88053c72184c7aad87b2bbbdc93f7e5905b811914dce41634760ff4422767,m3_current_single_edge_v1,"[10.0, 5.0, 2.5]","[40.352574248159875, 40.352574248159875, 40.352574248159875]","[0.0, 0.0]",True,True,eligible_within_tested_discretization,0.1,single_ridge
sha256:c9a88053c72184c7aad87b2bbbdc93f7e5905b811914dce41634760ff4422767,reference_multi_edge_deygout_v1,"[10.0, 5.0, 2.5]","[40.352574248159875, 40.352574248159875, 40.352574248159875]","[0.0, 0.0]",True,True,eligible_within_tested_discretization,0.1,single_ridge
sha256:c9a88053c72184c7aad87b2bbbdc93f7e5905b811914dce41634760ff4422767,sky_horizon_outline_v1,"[10.0, 5.0, 2.5]","[null, null, null]","[null, null]",True,True,not_attenuation_reference,0.1,single_ridge
sha256:c9fa979e77edd50418dece0a2a113f4481b5668646697b58f0dbb70f258f4933,m3_current_single_edge_v1,"[30.0, 15.0, 7.5]","[0.0, 0.0, 0.0]","[0.0, 0.0]",True,True,eligible_within_tested_discretization,0.1,qinling_mountain
sha256:c9fa979e77edd50418dece0a2a113f4481b5668646697b58f0dbb70f258f4933,reference_multi_edge_deygout_v1,"[30.0, 15.0, 7.5]","[0.0, 0.0, 0.0]","[0.0, 0.0]",True,True,eligible_within_tested_discretization,0.1,qinling_mountain
sha256:c9fa979e77edd50418dece0a2a113f4481b5668646697b58f0dbb70f258f4933,sky_horizon_outline_v1,"[30.0, 15.0, 7.5]","[null, null, null]","[null, null]",True,True,not_attenuation_reference,0.1,qinling_mountain
sha256:cbb38ca340a13918c3b251d57ee53203237a93c4eabf184722de700db0633847,m3_current_single_edge_v1,"[10.0, 5.0, 2.5]","[0.0, 0.0, 0.0]","[0.0, 0.0]",True,True,eligible_within_tested_discretization,0.1,double_ridge
sha256:cbb38ca340a13918c3b251d57ee53203237a93c4eabf184722de700db0633847,reference_multi_edge_deygout_v1,"[10.0, 5.0, 2.5]","[0.0, 0.0, 0.0]","[0.0, 0.0]",True,True,eligible_within_tested_discretization,0.1,double_ridge
sha256:cbb38ca340a13918c3b251d57ee53203237a93c4eabf184722de700db0633847,sky_horizon_outline_v1,"[10.0, 5.0, 2.5]","[null, null, null]","[null, null]",True,True,not_attenuation_reference,0.1,double_ridge
sha256:cc04c8e94fd10f5311fba5ebabd28cf88182d685a3e69cc797d69da16976bd7a,m3_current_single_edge_v1,"[10.0, 5.0, 2.5]","[0.0, 0.0, 0.0]","[0.0, 0.0]",True,True,eligible_within_tested_discretization,0.1,deep_ridge
sha256:cc04c8e94fd10f5311fba5ebabd28cf88182d685a3e69cc797d69da16976bd7a,reference_multi_edge_deygout_v1,"[10.0, 5.0, 2.5]","[0.0, 0.0, 0.0]","[0.0, 0.0]",True,True,eligible_within_tested_discretization,0.1,deep_ridge
sha256:cc04c8e94fd10f5311fba5ebabd28cf88182d685a3e69cc797d69da16976bd7a,sky_horizon_outline_v1,"[10.0, 5.0, 2.5]","[null, null, null]","[null, null]",True,True,not_attenuation_reference,0.1,deep_ridge
sha256:cc1291264c0843fdb2756598e057c1b95fd47eb9cb5b19b0a721faa94290036f,m3_current_single_edge_v1,"[10.0, 5.0, 2.5]","[0.0, 0.0, 0.0]","[0.0, 0.0]",True,True,eligible_within_tested_discretization,0.1,single_ridge
sha256:cc1291264c0843fdb2756598e057c1b95fd47eb9cb5b19b0a721faa94290036f,reference_multi_edge_deygout_v1,"[10.0, 5.0, 2.5]","[0.0, 0.0, 0.0]","[0.0, 0.0]",True,True,eligible_within_tested_discretization,0.1,single_ridge
sha256:cc1291264c0843fdb2756598e057c1b95fd47eb9cb5b19b0a721faa94290036f,sky_horizon_outline_v1,"[10.0, 5.0, 2.5]","[null, null, null]","[null, null]",True,True,not_attenuation_reference,0.1,single_ridge
sha256:cd353ff1de559c04952950d980d668b734970262939222d9f581e01f1e9cd94d,m3_current_single_edge_v1,"[30.0, 15.0, 7.5]","[0.0, 0.0, 0.0]","[0.0, 0.0]",True,True,eligible_within_tested_discretization,0.1,qinling_foothill
sha256:cd353ff1de559c04952950d980d668b734970262939222d9f581e01f1e9cd94d,reference_multi_edge_deygout_v1,"[30.0, 15.0, 7.5]","[0.0, 0.0, 0.0]","[0.0, 0.0]",True,True,eligible_within_tested_discretization,0.1,qinling_foothill
sha256:cd353ff1de559c04952950d980d668b734970262939222d9f581e01f1e9cd94d,sky_horizon_outline_v1,"[30.0, 15.0, 7.5]","[null, null, null]","[null, null]",True,True,not_attenuation_reference,0.1,qinling_foothill
sha256:ce9862fc929a7ccc8ea8fb715fba430b93271ec2dba77fe7a78f8fbb55654fa0,m3_current_single_edge_v1,"[30.0, 15.0, 7.5]","[0.0, 0.0, 0.0]","[0.0, 0.0]",True,True,eligible_within_tested_discretization,0.1,qinling_foothill
sha256:ce9862fc929a7ccc8ea8fb715fba430b93271ec2dba77fe7a78f8fbb55654fa0,reference_multi_edge_deygout_v1,"[30.0, 15.0, 7.5]","[0.0, 0.0, 0.0]","[0.0, 0.0]",True,True,eligible_within_tested_discretization,0.1,qinling_foothill
sha256:ce9862fc929a7ccc8ea8fb715fba430b93271ec2dba77fe7a78f8fbb55654fa0,sky_horizon_outline_v1,"[30.0, 15.0, 7.5]","[null, null, null]","[null, null]",True,True,not_attenuation_reference,0.1,qinling_foothill
sha256:ced53aceb4d7b61498191da28ace21b92e1e82cc85730968bc4545b4417c3ab5,m3_current_single_edge_v1,"[10.0, 5.0, 2.5]","[null, null, null]","[null, null]",False,True,unavailable,0.1,single_ridge
sha256:ced53aceb4d7b61498191da28ace21b92e1e82cc85730968bc4545b4417c3ab5,reference_multi_edge_deygout_v1,"[10.0, 5.0, 2.5]","[null, null, null]","[null, null]",False,True,unavailable,0.1,single_ridge
sha256:ced53aceb4d7b61498191da28ace21b92e1e82cc85730968bc4545b4417c3ab5,sky_horizon_outline_v1,"[10.0, 5.0, 2.5]","[null, null, null]","[null, null]",False,True,not_attenuation_reference,0.1,single_ridge
sha256:cfc84220d019268aedddc280e951be23ab8a0f5063ba64416640f7fc6b9c2ca0,m3_current_single_edge_v1,"[10.0, 5.0, 2.5]","[0.0, 0.0, 0.0]","[0.0, 0.0]",True,True,eligible_within_tested_discretization,0.1,double_ridge
sha256:cfc84220d019268aedddc280e951be23ab8a0f5063ba64416640f7fc6b9c2ca0,reference_multi_edge_deygout_v1,"[10.0, 5.0, 2.5]","[0.0, 0.0, 0.0]","[0.0, 0.0]",True,True,eligible_within_tested_discretization,0.1,double_ridge
sha256:cfc84220d019268aedddc280e951be23ab8a0f5063ba64416640f7fc6b9c2ca0,sky_horizon_outline_v1,"[10.0, 5.0, 2.5]","[null, null, null]","[null, null]",True,True,not_attenuation_reference,0.1,double_ridge
sha256:cfeb2b60145d1a6eb0b86e304b15fa7c19d5f3f75231858ce2a0492486d70353,m3_current_single_edge_v1,"[10.0, 5.0, 2.5]","[42.58823050298945, 42.58823050298945, 42.58823050298945]","[0.0, 0.0]",True,True,eligible_within_tested_discretization,0.1,single_ridge
sha256:cfeb2b60145d1a6eb0b86e304b15fa7c19d5f3f75231858ce2a0492486d70353,reference_multi_edge_deygout_v1,"[10.0, 5.0, 2.5]","[44.240319729528665, 45.44118661644165, 46.33707453300679]","[1.2008668869129835, 0.8958879165651439]",True,True,unverified,0.1,single_ridge
sha256:cfeb2b60145d1a6eb0b86e304b15fa7c19d5f3f75231858ce2a0492486d70353,sky_horizon_outline_v1,"[10.0, 5.0, 2.5]","[null, null, null]","[null, null]",True,True,not_attenuation_reference,0.1,single_ridge
sha256:d00bca397313526eafecf9bbccf8f55a461888c0c60d74c517f901f6deec9326,m3_current_single_edge_v1,"[30.0, 15.0, 7.5]","[40.00537553172528, 40.00537553172528, 40.00537553172528]","[0.0, 0.0]",True,True,eligible_within_tested_discretization,0.1,qinling_mountain
sha256:d00bca397313526eafecf9bbccf8f55a461888c0c60d74c517f901f6deec9326,reference_multi_edge_deygout_v1,"[30.0, 15.0, 7.5]","[66.99119576385873, 66.99119576385873, 66.99119576385873]","[0.0, 0.0]",True,True,eligible_within_tested_discretization,0.1,qinling_mountain
sha256:d00bca397313526eafecf9bbccf8f55a461888c0c60d74c517f901f6deec9326,sky_horizon_outline_v1,"[30.0, 15.0, 7.5]","[null, null, null]","[null, null]",True,True,not_attenuation_reference,0.1,qinling_mountain
sha256:d0182cec166fdb8f76250bf24035cd37b09486b25c867d8d7c297813bde28f08,m3_current_single_edge_v1,"[10.0, 5.0, 2.5]","[59.280693861492026, 59.280693861492026, 59.280693861492026]","[0.0, 0.0]",True,True,eligible_within_tested_discretization,0.1,deep_ridge
sha256:d0182cec166fdb8f76250bf24035cd37b09486b25c867d8d7c297813bde28f08,reference_multi_edge_deygout_v1,"[10.0, 5.0, 2.5]","[59.280693861492026, 59.280693861492026, 59.280693861492026]","[0.0, 0.0]",True,True,eligible_within_tested_discretization,0.1,deep_ridge
sha256:d0182cec166fdb8f76250bf24035cd37b09486b25c867d8d7c297813bde28f08,sky_horizon_outline_v1,"[10.0, 5.0, 2.5]","[null, null, null]","[null, null]",True,True,not_attenuation_reference,0.1,deep_ridge
sha256:d05485b20a4cb569b26acbbb8d5cbb01a5840b99d5c7801120daf6b770737c8b,m3_current_single_edge_v1,"[10.0, 5.0, 2.5]","[0.0, 0.0, 0.0]","[0.0, 0.0]",True,True,eligible_within_tested_discretization,0.1,flat
sha256:d05485b20a4cb569b26acbbb8d5cbb01a5840b99d5c7801120daf6b770737c8b,reference_multi_edge_deygout_v1,"[10.0, 5.0, 2.5]","[0.0, 0.0, 0.0]","[0.0, 0.0]",True,True,eligible_within_tested_discretization,0.1,flat
sha256:d05485b20a4cb569b26acbbb8d5cbb01a5840b99d5c7801120daf6b770737c8b,sky_horizon_outline_v1,"[10.0, 5.0, 2.5]","[null, null, null]","[null, null]",True,True,not_attenuation_reference,0.1,flat
sha256:d08c2500d3795c9c2157711d7ad760c255d103a729b3f97b8b4018c93f3be122,m3_current_single_edge_v1,"[30.0, 15.0, 7.5]","[0.0, 0.0, 0.0]","[0.0, 0.0]",True,True,eligible_within_tested_discretization,0.1,xian_city
sha256:d08c2500d3795c9c2157711d7ad760c255d103a729b3f97b8b4018c93f3be122,reference_multi_edge_deygout_v1,"[30.0, 15.0, 7.5]","[0.0, 0.0, 0.0]","[0.0, 0.0]",True,True,eligible_within_tested_discretization,0.1,xian_city
sha256:d08c2500d3795c9c2157711d7ad760c255d103a729b3f97b8b4018c93f3be122,sky_horizon_outline_v1,"[30.0, 15.0, 7.5]","[null, null, null]","[null, null]",True,True,not_attenuation_reference,0.1,xian_city
sha256:d375d4c22a4856048bdb787219414d1c731c213a07a6b0b5537ae47c808039b2,m3_current_single_edge_v1,"[10.0, 5.0, 2.5]","[36.42809910279419, 36.42809910279419, 36.42809910279419]","[0.0, 0.0]",True,True,eligible_within_tested_discretization,0.1,terrace
sha256:d375d4c22a4856048bdb787219414d1c731c213a07a6b0b5537ae47c808039b2,reference_multi_edge_deygout_v1,"[10.0, 5.0, 2.5]","[36.42809910279419, 36.42809910279419, 36.42809910279419]","[0.0, 0.0]",True,True,eligible_within_tested_discretization,0.1,terrace
sha256:d375d4c22a4856048bdb787219414d1c731c213a07a6b0b5537ae47c808039b2,sky_horizon_outline_v1,"[10.0, 5.0, 2.5]","[null, null, null]","[null, null]",True,True,not_attenuation_reference,0.1,terrace
sha256:d3c32bf8f58059f926d674a57ea621dba3207c4be3d7dbc7163af78e3e7b2955,m3_current_single_edge_v1,"[10.0, 5.0, 2.5]","[66.56632822013606, 66.56632822013606, 66.56632822013606]","[0.0, 0.0]",True,True,eligible_within_tested_discretization,0.1,deep_ridge
sha256:d3c32bf8f58059f926d674a57ea621dba3207c4be3d7dbc7163af78e3e7b2955,reference_multi_edge_deygout_v1,"[10.0, 5.0, 2.5]","[68.41304479910355, 69.56617939545775, 70.42316489230684]","[1.1531345963542066, 0.8569854968490915]",True,True,unverified,0.1,deep_ridge
sha256:d3c32bf8f58059f926d674a57ea621dba3207c4be3d7dbc7163af78e3e7b2955,sky_horizon_outline_v1,"[10.0, 5.0, 2.5]","[null, null, null]","[null, null]",True,True,not_attenuation_reference,0.1,deep_ridge
sha256:d483bfb148c14ee8083136e3eaefd9edcd4b750d57aaf0ece0502b7678b3092d,m3_current_single_edge_v1,"[30.0, 15.0, 7.5]","[0.0, 0.0, 0.0]","[0.0, 0.0]",True,True,eligible_within_tested_discretization,0.1,qinling_foothill
sha256:d483bfb148c14ee8083136e3eaefd9edcd4b750d57aaf0ece0502b7678b3092d,reference_multi_edge_deygout_v1,"[30.0, 15.0, 7.5]","[0.0, 0.0, 0.0]","[0.0, 0.0]",True,True,eligible_within_tested_discretization,0.1,qinling_foothill
sha256:d483bfb148c14ee8083136e3eaefd9edcd4b750d57aaf0ece0502b7678b3092d,sky_horizon_outline_v1,"[30.0, 15.0, 7.5]","[null, null, null]","[null, null]",True,True,not_attenuation_reference,0.1,qinling_foothill
sha256:d4cdb48947bc5841c92bc9695363d374b3dcde2b380f109743bd063282c35870,m3_current_single_edge_v1,"[10.0, 5.0, 2.5]","[0.0, 0.0, 0.0]","[0.0, 0.0]",True,True,eligible_within_tested_discretization,0.1,double_ridge
sha256:d4cdb48947bc5841c92bc9695363d374b3dcde2b380f109743bd063282c35870,reference_multi_edge_deygout_v1,"[10.0, 5.0, 2.5]","[0.0, 0.0, 0.0]","[0.0, 0.0]",True,True,eligible_within_tested_discretization,0.1,double_ridge
sha256:d4cdb48947bc5841c92bc9695363d374b3dcde2b380f109743bd063282c35870,sky_horizon_outline_v1,"[10.0, 5.0, 2.5]","[null, null, null]","[null, null]",True,True,not_attenuation_reference,0.1,double_ridge
sha256:d4f99a33cc66ee49e8dad6bd7ace352beb286091d73362106f78e07b88843d81,m3_current_single_edge_v1,"[10.0, 5.0, 2.5]","[40.352574248159875, 40.352574248159875, 40.352574248159875]","[0.0, 0.0]",True,True,eligible_within_tested_discretization,0.1,double_ridge
sha256:d4f99a33cc66ee49e8dad6bd7ace352beb286091d73362106f78e07b88843d81,reference_multi_edge_deygout_v1,"[10.0, 5.0, 2.5]","[40.352574248159875, 40.352574248159875, 40.352574248159875]","[0.0, 0.0]",True,True,eligible_within_tested_discretization,0.1,double_ridge
sha256:d4f99a33cc66ee49e8dad6bd7ace352beb286091d73362106f78e07b88843d81,sky_horizon_outline_v1,"[10.0, 5.0, 2.5]","[null, null, null]","[null, null]",True,True,not_attenuation_reference,0.1,double_ridge
sha256:d61c5fbb9e330c03c6645a714d6aa0beb1e5caac01303a0bb6605843ed37595b,m3_current_single_edge_v1,"[30.0, 15.0, 7.5]","[17.016597914517355, 17.016597914517355, 17.016597914517355]","[0.0, 0.0]",True,True,eligible_within_tested_discretization,0.1,xian_city
sha256:d61c5fbb9e330c03c6645a714d6aa0beb1e5caac01303a0bb6605843ed37595b,reference_multi_edge_deygout_v1,"[30.0, 15.0, 7.5]","[17.016597914517355, 17.922246669157026, 19.29964281437357]","[0.905648754639671, 1.3773961452165437]",True,True,unverified,0.1,xian_city
sha256:d61c5fbb9e330c03c6645a714d6aa0beb1e5caac01303a0bb6605843ed37595b,sky_horizon_outline_v1,"[30.0, 15.0, 7.5]","[null, null, null]","[null, null]",True,True,not_attenuation_reference,0.1,xian_city
sha256:d61f5c5e6f5122d34a083f5f8c6b25b2234d413817cc7aca867c46a30b68701a,m3_current_single_edge_v1,"[30.0, 15.0, 7.5]","[53.32430076160454, 53.32430076160454, 53.32430076160454]","[0.0, 0.0]",True,True,eligible_within_tested_discretization,0.1,qinling_mountain
sha256:d61f5c5e6f5122d34a083f5f8c6b25b2234d413817cc7aca867c46a30b68701a,reference_multi_edge_deygout_v1,"[30.0, 15.0, 7.5]","[81.59998548304006, 82.60573460731027, 83.96008883022914]","[1.00574912427021, 1.3543542229188716]",True,True,unverified,0.1,qinling_mountain
sha256:d61f5c5e6f5122d34a083f5f8c6b25b2234d413817cc7aca867c46a30b68701a,sky_horizon_outline_v1,"[30.0, 15.0, 7.5]","[null, null, null]","[null, null]",True,True,not_attenuation_reference,0.1,qinling_mountain
sha256:d6240a8fbec13274341cca512e77d21c755909ac54e5617bafd130de52ad5fe5,m3_current_single_edge_v1,"[10.0, 5.0, 2.5]","[59.17569421408038, 59.17569421408038, 59.17569421408038]","[0.0, 0.0]",True,True,eligible_within_tested_discretization,0.1,deep_ridge
sha256:d6240a8fbec13274341cca512e77d21c755909ac54e5617bafd130de52ad5fe5,reference_multi_edge_deygout_v1,"[10.0, 5.0, 2.5]","[59.17569421408038, 59.17569421408038, 59.17569421408038]","[0.0, 0.0]",True,True,eligible_within_tested_discretization,0.1,deep_ridge
sha256:d6240a8fbec13274341cca512e77d21c755909ac54e5617bafd130de52ad5fe5,sky_horizon_outline_v1,"[10.0, 5.0, 2.5]","[null, null, null]","[null, null]",True,True,not_attenuation_reference,0.1,deep_ridge
sha256:d695abd2f2cc90a9a9ae33a2df2ad7230bca03179170568e38b0a4e907f5eccb,m3_current_single_edge_v1,"[30.0, 15.0, 7.5]","[0.0, 0.0, 0.0]","[0.0, 0.0]",True,True,eligible_within_tested_discretization,0.1,xian_city
sha256:d695abd2f2cc90a9a9ae33a2df2ad7230bca03179170568e38b0a4e907f5eccb,reference_multi_edge_deygout_v1,"[30.0, 15.0, 7.5]","[0.0, 0.0, 0.0]","[0.0, 0.0]",True,True,eligible_within_tested_discretization,0.1,xian_city
sha256:d695abd2f2cc90a9a9ae33a2df2ad7230bca03179170568e38b0a4e907f5eccb,sky_horizon_outline_v1,"[30.0, 15.0, 7.5]","[null, null, null]","[null, null]",True,True,not_attenuation_reference,0.1,xian_city
sha256:d78d0eb58e58ecd6dddf4d62707e7776e93e119079ed4f55eb8ded5015fcc403,m3_current_single_edge_v1,"[30.0, 15.0, 7.5]","[0.0, 0.0, 0.0]","[0.0, 0.0]",True,True,eligible_within_tested_discretization,0.1,xian_city
sha256:d78d0eb58e58ecd6dddf4d62707e7776e93e119079ed4f55eb8ded5015fcc403,reference_multi_edge_deygout_v1,"[30.0, 15.0, 7.5]","[0.0, 0.0, 0.0]","[0.0, 0.0]",True,True,eligible_within_tested_discretization,0.1,xian_city
sha256:d78d0eb58e58ecd6dddf4d62707e7776e93e119079ed4f55eb8ded5015fcc403,sky_horizon_outline_v1,"[30.0, 15.0, 7.5]","[null, null, null]","[null, null]",True,True,not_attenuation_reference,0.1,xian_city
sha256:d796d7e5fee41a8c512110fe9aad8e5738504ca30cb25ce2b9e3e6dcb39b65f8,m3_current_single_edge_v1,"[30.0, 15.0, 7.5]","[0.0, 0.0, 0.0]","[0.0, 0.0]",True,True,eligible_within_tested_discretization,0.1,xian_city
sha256:d796d7e5fee41a8c512110fe9aad8e5738504ca30cb25ce2b9e3e6dcb39b65f8,reference_multi_edge_deygout_v1,"[30.0, 15.0, 7.5]","[0.0, 0.0, 0.0]","[0.0, 0.0]",True,True,eligible_within_tested_discretization,0.1,xian_city
sha256:d796d7e5fee41a8c512110fe9aad8e5738504ca30cb25ce2b9e3e6dcb39b65f8,sky_horizon_outline_v1,"[30.0, 15.0, 7.5]","[null, null, null]","[null, null]",True,True,not_attenuation_reference,0.1,xian_city
sha256:d8ca8f7f987e173423f068375a906a075df99a154ac6cd58bf486f5cf4e12017,m3_current_single_edge_v1,"[30.0, 15.0, 7.5]","[0.0, 0.0, 0.0]","[0.0, 0.0]",True,True,eligible_within_tested_discretization,0.1,qinling_foothill
sha256:d8ca8f7f987e173423f068375a906a075df99a154ac6cd58bf486f5cf4e12017,reference_multi_edge_deygout_v1,"[30.0, 15.0, 7.5]","[0.0, 0.0, 0.0]","[0.0, 0.0]",True,True,eligible_within_tested_discretization,0.1,qinling_foothill
sha256:d8ca8f7f987e173423f068375a906a075df99a154ac6cd58bf486f5cf4e12017,sky_horizon_outline_v1,"[30.0, 15.0, 7.5]","[null, null, null]","[null, null]",True,True,not_attenuation_reference,0.1,qinling_foothill
sha256:d918e9b6d716afff58d6c8cbb78ba07a2646befc60c7268c369ac3173330bc69,m3_current_single_edge_v1,[5],[null],[],False,True,unavailable,0.1,near_transmitter
sha256:d918e9b6d716afff58d6c8cbb78ba07a2646befc60c7268c369ac3173330bc69,reference_multi_edge_deygout_v1,[5],[null],[],False,True,unavailable,0.1,near_transmitter
sha256:d918e9b6d716afff58d6c8cbb78ba07a2646befc60c7268c369ac3173330bc69,sky_horizon_outline_v1,[5],[null],[],False,True,not_attenuation_reference,0.1,near_transmitter
sha256:d9509c86c7d2a6f990739b9bb355191ef2d9fb605fd0fe1d07f82bb76cf29c8a,m3_current_single_edge_v1,"[30.0, 15.0, 7.5]","[0.0, 0.0, 0.0]","[0.0, 0.0]",True,True,eligible_within_tested_discretization,0.1,qinling_foothill
sha256:d9509c86c7d2a6f990739b9bb355191ef2d9fb605fd0fe1d07f82bb76cf29c8a,reference_multi_edge_deygout_v1,"[30.0, 15.0, 7.5]","[0.0, 0.0, 0.0]","[0.0, 0.0]",True,True,eligible_within_tested_discretization,0.1,qinling_foothill
sha256:d9509c86c7d2a6f990739b9bb355191ef2d9fb605fd0fe1d07f82bb76cf29c8a,sky_horizon_outline_v1,"[30.0, 15.0, 7.5]","[null, null, null]","[null, null]",True,True,not_attenuation_reference,0.1,qinling_foothill
sha256:d9cb560c732282b748700cf97ec39663f0324154c71929c69fd3a7220e17fe74,m3_current_single_edge_v1,"[30.0, 15.0, 7.5]","[45.63573627272559, 45.63573627272559, 45.63573627272559]","[0.0, 0.0]",True,True,eligible_within_tested_discretization,0.1,qinling_mountain
sha256:d9cb560c732282b748700cf97ec39663f0324154c71929c69fd3a7220e17fe74,reference_multi_edge_deygout_v1,"[30.0, 15.0, 7.5]","[60.8466056147155, 61.646393996484726, 63.04795370608652]","[0.7997883817692255, 1.4015597096017913]",True,True,unverified,0.1,qinling_mountain
sha256:d9cb560c732282b748700cf97ec39663f0324154c71929c69fd3a7220e17fe74,sky_horizon_outline_v1,"[30.0, 15.0, 7.5]","[null, null, null]","[null, null]",True,True,not_attenuation_reference,0.1,qinling_mountain
sha256:dadf3f7af1d834b61e3a35bb32118fcd4fe99d4fac559d4f33a054750d971559,m3_current_single_edge_v1,"[30.0, 15.0, 7.5]","[0.0, 0.0, 0.0]","[0.0, 0.0]",True,True,eligible_within_tested_discretization,0.1,qinling_mountain
sha256:dadf3f7af1d834b61e3a35bb32118fcd4fe99d4fac559d4f33a054750d971559,reference_multi_edge_deygout_v1,"[30.0, 15.0, 7.5]","[0.0, 0.0, 0.0]","[0.0, 0.0]",True,True,eligible_within_tested_discretization,0.1,qinling_mountain
sha256:dadf3f7af1d834b61e3a35bb32118fcd4fe99d4fac559d4f33a054750d971559,sky_horizon_outline_v1,"[30.0, 15.0, 7.5]","[null, null, null]","[null, null]",True,True,not_attenuation_reference,0.1,qinling_mountain
sha256:dcda2ca37dcf1b70b7a12dd95dc56c424adb698b00a041f357fb89ba65ae3be9,m3_current_single_edge_v1,[5],[null],[],False,True,unavailable,0.1,zenith
sha256:dcda2ca37dcf1b70b7a12dd95dc56c424adb698b00a041f357fb89ba65ae3be9,reference_multi_edge_deygout_v1,[5],[null],[],False,True,unavailable,0.1,zenith
sha256:dcda2ca37dcf1b70b7a12dd95dc56c424adb698b00a041f357fb89ba65ae3be9,sky_horizon_outline_v1,[5],[null],[],False,True,not_attenuation_reference,0.1,zenith
sha256:defec75f2fe60a85323b5b537fa7b16878b3e39fd01c4bea0656ae55e258845b,m3_current_single_edge_v1,"[30.0, 15.0, 7.5]","[0.0, 0.0, 0.0]","[0.0, 0.0]",True,True,eligible_within_tested_discretization,0.1,xian_city
sha256:defec75f2fe60a85323b5b537fa7b16878b3e39fd01c4bea0656ae55e258845b,reference_multi_edge_deygout_v1,"[30.0, 15.0, 7.5]","[0.0, 0.0, 0.0]","[0.0, 0.0]",True,True,eligible_within_tested_discretization,0.1,xian_city
sha256:defec75f2fe60a85323b5b537fa7b16878b3e39fd01c4bea0656ae55e258845b,sky_horizon_outline_v1,"[30.0, 15.0, 7.5]","[null, null, null]","[null, null]",True,True,not_attenuation_reference,0.1,xian_city
sha256:e1866b1d6b4cec303567e3bd73209a7b7271eed752e22803dc5837a8a6f0853f,m3_current_single_edge_v1,"[10.0, 5.0, 2.5]","[0.0, 0.0, 0.0]","[0.0, 0.0]",True,True,eligible_within_tested_discretization,0.1,flat
sha256:e1866b1d6b4cec303567e3bd73209a7b7271eed752e22803dc5837a8a6f0853f,reference_multi_edge_deygout_v1,"[10.0, 5.0, 2.5]","[0.0, 0.0, 0.0]","[0.0, 0.0]",True,True,eligible_within_tested_discretization,0.1,flat
sha256:e1866b1d6b4cec303567e3bd73209a7b7271eed752e22803dc5837a8a6f0853f,sky_horizon_outline_v1,"[10.0, 5.0, 2.5]","[null, null, null]","[null, null]",True,True,not_attenuation_reference,0.1,flat
sha256:e1940548c032e23274a49a7658c6210f6fe6ab7eacb0db7897cc3c251a3fbfe5,m3_current_single_edge_v1,"[10.0, 5.0, 2.5]","[31.156921905872423, 31.156921905872423, 31.156921905872423]","[0.0, 0.0]",True,True,eligible_within_tested_discretization,0.1,single_ridge
sha256:e1940548c032e23274a49a7658c6210f6fe6ab7eacb0db7897cc3c251a3fbfe5,reference_multi_edge_deygout_v1,"[10.0, 5.0, 2.5]","[31.605859019953158, 33.08574784298556, 34.218472125682595]","[1.4798888230324039, 1.1327242826970334]",True,True,unverified,0.1,single_ridge
sha256:e1940548c032e23274a49a7658c6210f6fe6ab7eacb0db7897cc3c251a3fbfe5,sky_horizon_outline_v1,"[10.0, 5.0, 2.5]","[null, null, null]","[null, null]",True,True,not_attenuation_reference,0.1,single_ridge
sha256:e1d37a3ec09e9a0a165397d91b9cf8245c71654cd317eb232e0df0c01b79ca71,m3_current_single_edge_v1,"[10.0, 5.0, 2.5]","[0.0, 0.0, 0.0]","[0.0, 0.0]",True,True,eligible_within_tested_discretization,0.1,flat
sha256:e1d37a3ec09e9a0a165397d91b9cf8245c71654cd317eb232e0df0c01b79ca71,reference_multi_edge_deygout_v1,"[10.0, 5.0, 2.5]","[0.0, 0.0, 0.0]","[0.0, 0.0]",True,True,eligible_within_tested_discretization,0.1,flat
sha256:e1d37a3ec09e9a0a165397d91b9cf8245c71654cd317eb232e0df0c01b79ca71,sky_horizon_outline_v1,"[10.0, 5.0, 2.5]","[null, null, null]","[null, null]",True,True,not_attenuation_reference,0.1,flat
sha256:e3c38d18ba1d9430e1b39863f2e53d663a8a025044e12a0568f6b48326471cf6,m3_current_single_edge_v1,"[10.0, 5.0, 2.5]","[null, null, null]","[null, null]",False,True,unavailable,0.1,terrace
sha256:e3c38d18ba1d9430e1b39863f2e53d663a8a025044e12a0568f6b48326471cf6,reference_multi_edge_deygout_v1,"[10.0, 5.0, 2.5]","[null, null, null]","[null, null]",False,True,unavailable,0.1,terrace
sha256:e3c38d18ba1d9430e1b39863f2e53d663a8a025044e12a0568f6b48326471cf6,sky_horizon_outline_v1,"[10.0, 5.0, 2.5]","[null, null, null]","[null, null]",False,True,not_attenuation_reference,0.1,terrace
sha256:e624dc31c50215d173f5c12e58a3d42713845f24076d51051a49a1db609003a8,m3_current_single_edge_v1,"[10.0, 5.0, 2.5]","[null, null, null]","[null, null]",False,True,unavailable,0.1,deep_ridge
sha256:e624dc31c50215d173f5c12e58a3d42713845f24076d51051a49a1db609003a8,reference_multi_edge_deygout_v1,"[10.0, 5.0, 2.5]","[null, null, null]","[null, null]",False,True,unavailable,0.1,deep_ridge
sha256:e624dc31c50215d173f5c12e58a3d42713845f24076d51051a49a1db609003a8,sky_horizon_outline_v1,"[10.0, 5.0, 2.5]","[null, null, null]","[null, null]",False,True,not_attenuation_reference,0.1,deep_ridge
sha256:e67d4985d5d915a89de88aef1f89cc3a1fd0d8b81afacb8cb2fbbcd4ae6a2854,m3_current_single_edge_v1,"[10.0, 5.0, 2.5]","[66.56634005020005, 66.56634005020005, 66.56634005020005]","[0.0, 0.0]",True,True,eligible_within_tested_discretization,0.1,deep_ridge
sha256:e67d4985d5d915a89de88aef1f89cc3a1fd0d8b81afacb8cb2fbbcd4ae6a2854,reference_multi_edge_deygout_v1,"[10.0, 5.0, 2.5]","[68.4166692949221, 69.56884340779891, 70.4250986193022]","[1.152174112876807, 0.8562552115032958]",True,True,unverified,0.1,deep_ridge
sha256:e67d4985d5d915a89de88aef1f89cc3a1fd0d8b81afacb8cb2fbbcd4ae6a2854,sky_horizon_outline_v1,"[10.0, 5.0, 2.5]","[null, null, null]","[null, null]",True,True,not_attenuation_reference,0.1,deep_ridge
sha256:e6ddf7fd43579f37245b313671107812c1ee96665235acf92ade4490092c0b65,m3_current_single_edge_v1,"[30.0, 15.0, 7.5]","[0.0, 0.0, 0.0]","[0.0, 0.0]",True,True,eligible_within_tested_discretization,0.1,qinling_mountain
sha256:e6ddf7fd43579f37245b313671107812c1ee96665235acf92ade4490092c0b65,reference_multi_edge_deygout_v1,"[30.0, 15.0, 7.5]","[0.0, 0.0, 0.0]","[0.0, 0.0]",True,True,eligible_within_tested_discretization,0.1,qinling_mountain
sha256:e6ddf7fd43579f37245b313671107812c1ee96665235acf92ade4490092c0b65,sky_horizon_outline_v1,"[30.0, 15.0, 7.5]","[null, null, null]","[null, null]",True,True,not_attenuation_reference,0.1,qinling_mountain
sha256:e6f4f0adcab571f7364bb3af88026fba13091e844b3309256c2933d364ac051d,m3_current_single_edge_v1,"[10.0, 5.0, 2.5]","[null, null, null]","[null, null]",False,True,unavailable,0.1,single_ridge
sha256:e6f4f0adcab571f7364bb3af88026fba13091e844b3309256c2933d364ac051d,reference_multi_edge_deygout_v1,"[10.0, 5.0, 2.5]","[null, null, null]","[null, null]",False,True,unavailable,0.1,single_ridge
sha256:e6f4f0adcab571f7364bb3af88026fba13091e844b3309256c2933d364ac051d,sky_horizon_outline_v1,"[10.0, 5.0, 2.5]","[null, null, null]","[null, null]",False,True,not_attenuation_reference,0.1,single_ridge
sha256:e7a7c7de02db9937245de6af7b4d7df44596317b9937e1db292f1dafa9923b57,m3_current_single_edge_v1,"[10.0, 5.0, 2.5]","[0.0, 0.0, 0.0]","[0.0, 0.0]",True,True,eligible_within_tested_discretization,0.1,terrace
sha256:e7a7c7de02db9937245de6af7b4d7df44596317b9937e1db292f1dafa9923b57,reference_multi_edge_deygout_v1,"[10.0, 5.0, 2.5]","[0.0, 0.0, 0.0]","[0.0, 0.0]",True,True,eligible_within_tested_discretization,0.1,terrace
sha256:e7a7c7de02db9937245de6af7b4d7df44596317b9937e1db292f1dafa9923b57,sky_horizon_outline_v1,"[10.0, 5.0, 2.5]","[null, null, null]","[null, null]",True,True,not_attenuation_reference,0.1,terrace
sha256:e7a7d5692233a3ca3ab9c3a09d5c4dfca238a9475cf44fe8e359167f905dac38,m3_current_single_edge_v1,"[10.0, 5.0, 2.5]","[32.972725718209716, 32.972725718209716, 32.972725718209716]","[0.0, 0.0]",True,True,eligible_within_tested_discretization,0.1,terrace
sha256:e7a7d5692233a3ca3ab9c3a09d5c4dfca238a9475cf44fe8e359167f905dac38,reference_multi_edge_deygout_v1,"[10.0, 5.0, 2.5]","[32.972725718209716, 32.972725718209716, 32.972725718209716]","[0.0, 0.0]",True,True,eligible_within_tested_discretization,0.1,terrace
sha256:e7a7d5692233a3ca3ab9c3a09d5c4dfca238a9475cf44fe8e359167f905dac38,sky_horizon_outline_v1,"[10.0, 5.0, 2.5]","[null, null, null]","[null, null]",True,True,not_attenuation_reference,0.1,terrace
sha256:e7f336f02a5b67d592ec2ede194cda21c5353fcaa2d24280ae7637882e0944c1,m3_current_single_edge_v1,"[30.0, 15.0, 7.5]","[30.883894887993208, 30.883894887993208, 30.883894887993208]","[0.0, 0.0]",True,True,eligible_within_tested_discretization,0.1,qinling_mountain
sha256:e7f336f02a5b67d592ec2ede194cda21c5353fcaa2d24280ae7637882e0944c1,reference_multi_edge_deygout_v1,"[30.0, 15.0, 7.5]","[30.883894887993208, 30.883894887993208, 30.883894887993208]","[0.0, 0.0]",True,True,eligible_within_tested_discretization,0.1,qinling_mountain
sha256:e7f336f02a5b67d592ec2ede194cda21c5353fcaa2d24280ae7637882e0944c1,sky_horizon_outline_v1,"[30.0, 15.0, 7.5]","[null, null, null]","[null, null]",True,True,not_attenuation_reference,0.1,qinling_mountain
sha256:e8f3f1098f8dd0d8df2bbf45a81132a7edfeca79f70a4ba60da8475c28a17f72,m3_current_single_edge_v1,"[10.0, 5.0, 2.5]","[0.0, 0.0, 0.0]","[0.0, 0.0]",True,True,eligible_within_tested_discretization,0.1,deep_ridge
sha256:e8f3f1098f8dd0d8df2bbf45a81132a7edfeca79f70a4ba60da8475c28a17f72,reference_multi_edge_deygout_v1,"[10.0, 5.0, 2.5]","[0.0, 0.0, 0.0]","[0.0, 0.0]",True,True,eligible_within_tested_discretization,0.1,deep_ridge
sha256:e8f3f1098f8dd0d8df2bbf45a81132a7edfeca79f70a4ba60da8475c28a17f72,sky_horizon_outline_v1,"[10.0, 5.0, 2.5]","[null, null, null]","[null, null]",True,True,not_attenuation_reference,0.1,deep_ridge
sha256:e9012336f3e47d23c35d0c63222d9cf2d2c8b9f8fa9a259500b15ea78d9e5c3d,m3_current_single_edge_v1,"[10.0, 5.0, 2.5]","[0.0, 0.0, 0.0]","[0.0, 0.0]",True,True,eligible_within_tested_discretization,0.1,flat
sha256:e9012336f3e47d23c35d0c63222d9cf2d2c8b9f8fa9a259500b15ea78d9e5c3d,reference_multi_edge_deygout_v1,"[10.0, 5.0, 2.5]","[0.0, 0.0, 0.0]","[0.0, 0.0]",True,True,eligible_within_tested_discretization,0.1,flat
sha256:e9012336f3e47d23c35d0c63222d9cf2d2c8b9f8fa9a259500b15ea78d9e5c3d,sky_horizon_outline_v1,"[10.0, 5.0, 2.5]","[null, null, null]","[null, null]",True,True,not_attenuation_reference,0.1,flat
sha256:e9482d99c6b904edbb15fd6b49c6b5fc40a2586ed8cf4f053cce2744c674d781,m3_current_single_edge_v1,"[30.0, 15.0, 7.5]","[0.0, 0.0, 0.0]","[0.0, 0.0]",True,True,eligible_within_tested_discretization,0.1,xian_city
sha256:e9482d99c6b904edbb15fd6b49c6b5fc40a2586ed8cf4f053cce2744c674d781,reference_multi_edge_deygout_v1,"[30.0, 15.0, 7.5]","[0.0, 0.0, 0.0]","[0.0, 0.0]",True,True,eligible_within_tested_discretization,0.1,xian_city
sha256:e9482d99c6b904edbb15fd6b49c6b5fc40a2586ed8cf4f053cce2744c674d781,sky_horizon_outline_v1,"[30.0, 15.0, 7.5]","[null, null, null]","[null, null]",True,True,not_attenuation_reference,0.1,xian_city
sha256:ea1fcf1baadaa96832713a2373f19db57f4073d3a107b738300efac2d1549e7a,m3_current_single_edge_v1,"[30.0, 15.0, 7.5]","[0.0, 0.0, 0.0]","[0.0, 0.0]",True,True,eligible_within_tested_discretization,0.1,qinling_foothill
sha256:ea1fcf1baadaa96832713a2373f19db57f4073d3a107b738300efac2d1549e7a,reference_multi_edge_deygout_v1,"[30.0, 15.0, 7.5]","[0.0, 0.0, 0.0]","[0.0, 0.0]",True,True,eligible_within_tested_discretization,0.1,qinling_foothill
sha256:ea1fcf1baadaa96832713a2373f19db57f4073d3a107b738300efac2d1549e7a,sky_horizon_outline_v1,"[30.0, 15.0, 7.5]","[null, null, null]","[null, null]",True,True,not_attenuation_reference,0.1,qinling_foothill
sha256:eafc441815560136d335b5488c9f21f5f2c8980ccce31acd3b8255f3931aa530,m3_current_single_edge_v1,"[10.0, 5.0, 2.5]","[0.0, 0.0, 0.0]","[0.0, 0.0]",True,True,eligible_within_tested_discretization,0.1,flat
sha256:eafc441815560136d335b5488c9f21f5f2c8980ccce31acd3b8255f3931aa530,reference_multi_edge_deygout_v1,"[10.0, 5.0, 2.5]","[0.0, 0.0, 0.0]","[0.0, 0.0]",True,True,eligible_within_tested_discretization,0.1,flat
sha256:eafc441815560136d335b5488c9f21f5f2c8980ccce31acd3b8255f3931aa530,sky_horizon_outline_v1,"[10.0, 5.0, 2.5]","[null, null, null]","[null, null]",True,True,not_attenuation_reference,0.1,flat
sha256:eb5696635a89f5f75d2ccd8564b1d9034be85b83504be80edf6dccdf9957ced1,m3_current_single_edge_v1,"[10.0, 5.0, 2.5]","[null, null, null]","[null, null]",False,True,unavailable,0.1,terrace
sha256:eb5696635a89f5f75d2ccd8564b1d9034be85b83504be80edf6dccdf9957ced1,reference_multi_edge_deygout_v1,"[10.0, 5.0, 2.5]","[null, null, null]","[null, null]",False,True,unavailable,0.1,terrace
sha256:eb5696635a89f5f75d2ccd8564b1d9034be85b83504be80edf6dccdf9957ced1,sky_horizon_outline_v1,"[10.0, 5.0, 2.5]","[null, null, null]","[null, null]",False,True,not_attenuation_reference,0.1,terrace
sha256:ebee4bed8ded478a58876ebc5639cbc9d666682d830aae3105a33fdea8b2aa05,m3_current_single_edge_v1,"[10.0, 5.0, 2.5]","[null, null, null]","[null, null]",False,True,unavailable,0.1,flat
sha256:ebee4bed8ded478a58876ebc5639cbc9d666682d830aae3105a33fdea8b2aa05,reference_multi_edge_deygout_v1,"[10.0, 5.0, 2.5]","[null, null, null]","[null, null]",False,True,unavailable,0.1,flat
sha256:ebee4bed8ded478a58876ebc5639cbc9d666682d830aae3105a33fdea8b2aa05,sky_horizon_outline_v1,"[10.0, 5.0, 2.5]","[null, null, null]","[null, null]",False,True,not_attenuation_reference,0.1,flat
sha256:ec148ac7a9398a5b294b1bc9d35149285ef45b2d8ad1ee1a0c411ad2f7fea77a,m3_current_single_edge_v1,"[10.0, 5.0, 2.5]","[0.0, 0.0, 0.0]","[0.0, 0.0]",True,True,eligible_within_tested_discretization,0.1,single_ridge
sha256:ec148ac7a9398a5b294b1bc9d35149285ef45b2d8ad1ee1a0c411ad2f7fea77a,reference_multi_edge_deygout_v1,"[10.0, 5.0, 2.5]","[0.0, 0.0, 0.0]","[0.0, 0.0]",True,True,eligible_within_tested_discretization,0.1,single_ridge
sha256:ec148ac7a9398a5b294b1bc9d35149285ef45b2d8ad1ee1a0c411ad2f7fea77a,sky_horizon_outline_v1,"[10.0, 5.0, 2.5]","[null, null, null]","[null, null]",True,True,not_attenuation_reference,0.1,single_ridge
sha256:ec40bcc23c7e1e8506ce80852a080abe1098e6fe04ae9727ebb93d4953e8e2f3,m3_current_single_edge_v1,"[10.0, 5.0, 2.5]","[0.0, 0.0, 0.0]","[0.0, 0.0]",True,True,eligible_within_tested_discretization,0.1,flat
sha256:ec40bcc23c7e1e8506ce80852a080abe1098e6fe04ae9727ebb93d4953e8e2f3,reference_multi_edge_deygout_v1,"[10.0, 5.0, 2.5]","[0.0, 0.0, 0.0]","[0.0, 0.0]",True,True,eligible_within_tested_discretization,0.1,flat
sha256:ec40bcc23c7e1e8506ce80852a080abe1098e6fe04ae9727ebb93d4953e8e2f3,sky_horizon_outline_v1,"[10.0, 5.0, 2.5]","[null, null, null]","[null, null]",True,True,not_attenuation_reference,0.1,flat
sha256:ef8d99e959b3f7a4859627380489550227c429fb6e33dc59d85420492a8a6878,m3_current_single_edge_v1,"[30.0, 15.0, 7.5]","[0.0, 0.0, 0.0]","[0.0, 0.0]",True,True,eligible_within_tested_discretization,0.1,qinling_foothill
sha256:ef8d99e959b3f7a4859627380489550227c429fb6e33dc59d85420492a8a6878,reference_multi_edge_deygout_v1,"[30.0, 15.0, 7.5]","[0.0, 0.0, 0.0]","[0.0, 0.0]",True,True,eligible_within_tested_discretization,0.1,qinling_foothill
sha256:ef8d99e959b3f7a4859627380489550227c429fb6e33dc59d85420492a8a6878,sky_horizon_outline_v1,"[30.0, 15.0, 7.5]","[null, null, null]","[null, null]",True,True,not_attenuation_reference,0.1,qinling_foothill
sha256:efdefe7884bff5db80e328e725239bce0688b0c49b85e95c1a259e2d649027e8,m3_current_single_edge_v1,"[30.0, 15.0, 7.5]","[49.731362313554065, 49.731362313554065, 49.731362313554065]","[0.0, 0.0]",True,True,eligible_within_tested_discretization,0.1,qinling_foothill
sha256:efdefe7884bff5db80e328e725239bce0688b0c49b85e95c1a259e2d649027e8,reference_multi_edge_deygout_v1,"[30.0, 15.0, 7.5]","[49.731362313554065, 50.70850412169226, 52.06946362235434]","[0.9771418081381924, 1.3609595006620836]",True,True,unverified,0.1,qinling_foothill
sha256:efdefe7884bff5db80e328e725239bce0688b0c49b85e95c1a259e2d649027e8,sky_horizon_outline_v1,"[30.0, 15.0, 7.5]","[null, null, null]","[null, null]",True,True,not_attenuation_reference,0.1,qinling_foothill
sha256:f1a6c8de771cf1a6864fc8cca89679594b29ee05ab07dd7dd841c09f3279663b,m3_current_single_edge_v1,"[10.0, 5.0, 2.5]","[0.0, 0.0, 0.0]","[0.0, 0.0]",True,True,eligible_within_tested_discretization,0.1,double_ridge
sha256:f1a6c8de771cf1a6864fc8cca89679594b29ee05ab07dd7dd841c09f3279663b,reference_multi_edge_deygout_v1,"[10.0, 5.0, 2.5]","[0.0, 0.0, 0.0]","[0.0, 0.0]",True,True,eligible_within_tested_discretization,0.1,double_ridge
sha256:f1a6c8de771cf1a6864fc8cca89679594b29ee05ab07dd7dd841c09f3279663b,sky_horizon_outline_v1,"[10.0, 5.0, 2.5]","[null, null, null]","[null, null]",True,True,not_attenuation_reference,0.1,double_ridge
sha256:f1c1529b94b03c05f13fb889e5f5dd610ee76ecd24425d877ba3b36bc4443ce1,m3_current_single_edge_v1,"[10.0, 5.0, 2.5]","[0.0, 0.0, 0.0]","[0.0, 0.0]",True,True,eligible_within_tested_discretization,0.1,double_ridge
sha256:f1c1529b94b03c05f13fb889e5f5dd610ee76ecd24425d877ba3b36bc4443ce1,reference_multi_edge_deygout_v1,"[10.0, 5.0, 2.5]","[0.0, 0.0, 0.0]","[0.0, 0.0]",True,True,eligible_within_tested_discretization,0.1,double_ridge
sha256:f1c1529b94b03c05f13fb889e5f5dd610ee76ecd24425d877ba3b36bc4443ce1,sky_horizon_outline_v1,"[10.0, 5.0, 2.5]","[null, null, null]","[null, null]",True,True,not_attenuation_reference,0.1,double_ridge
sha256:f2a7aa678b5137dce02a0753d609b418aa05cba0bae8a710b674b988078f1bd7,m3_current_single_edge_v1,"[10.0, 5.0, 2.5]","[0.0, 0.0, 0.0]","[0.0, 0.0]",True,True,eligible_within_tested_discretization,0.1,flat
sha256:f2a7aa678b5137dce02a0753d609b418aa05cba0bae8a710b674b988078f1bd7,reference_multi_edge_deygout_v1,"[10.0, 5.0, 2.5]","[0.0, 0.0, 0.0]","[0.0, 0.0]",True,True,eligible_within_tested_discretization,0.1,flat
sha256:f2a7aa678b5137dce02a0753d609b418aa05cba0bae8a710b674b988078f1bd7,sky_horizon_outline_v1,"[10.0, 5.0, 2.5]","[null, null, null]","[null, null]",True,True,not_attenuation_reference,0.1,flat
sha256:f2fa632c58ba95194573dee32ab649d6bbc7b32684eec35700b3c39b915cd83b,m3_current_single_edge_v1,"[10.0, 5.0, 2.5]","[null, null, null]","[null, null]",False,True,unavailable,0.1,terrace
sha256:f2fa632c58ba95194573dee32ab649d6bbc7b32684eec35700b3c39b915cd83b,reference_multi_edge_deygout_v1,"[10.0, 5.0, 2.5]","[null, null, null]","[null, null]",False,True,unavailable,0.1,terrace
sha256:f2fa632c58ba95194573dee32ab649d6bbc7b32684eec35700b3c39b915cd83b,sky_horizon_outline_v1,"[10.0, 5.0, 2.5]","[null, null, null]","[null, null]",False,True,not_attenuation_reference,0.1,terrace
sha256:f453ed0c68c1432c9a37e2e1dc45286dbd7b8044fc7e073d833c4d8212697951,m3_current_single_edge_v1,"[30.0, 15.0, 7.5]","[32.61670002764917, 32.61670002764917, 32.61670002764917]","[0.0, 0.0]",True,True,eligible_within_tested_discretization,0.1,qinling_mountain
sha256:f453ed0c68c1432c9a37e2e1dc45286dbd7b8044fc7e073d833c4d8212697951,reference_multi_edge_deygout_v1,"[30.0, 15.0, 7.5]","[63.58225157814159, 63.58225157814159, 63.58225157814159]","[0.0, 0.0]",True,True,eligible_within_tested_discretization,0.1,qinling_mountain
sha256:f453ed0c68c1432c9a37e2e1dc45286dbd7b8044fc7e073d833c4d8212697951,sky_horizon_outline_v1,"[30.0, 15.0, 7.5]","[null, null, null]","[null, null]",True,True,not_attenuation_reference,0.1,qinling_mountain
sha256:f58c8056eaa5e3d5847bb4bac83ef8c6fe55e4498f01bd9a5b094f7d3b872486,m3_current_single_edge_v1,"[30.0, 15.0, 7.5]","[0.0, 0.0, 0.0]","[0.0, 0.0]",True,True,eligible_within_tested_discretization,0.1,qinling_foothill
sha256:f58c8056eaa5e3d5847bb4bac83ef8c6fe55e4498f01bd9a5b094f7d3b872486,reference_multi_edge_deygout_v1,"[30.0, 15.0, 7.5]","[0.0, 0.0, 0.0]","[0.0, 0.0]",True,True,eligible_within_tested_discretization,0.1,qinling_foothill
sha256:f58c8056eaa5e3d5847bb4bac83ef8c6fe55e4498f01bd9a5b094f7d3b872486,sky_horizon_outline_v1,"[30.0, 15.0, 7.5]","[null, null, null]","[null, null]",True,True,not_attenuation_reference,0.1,qinling_foothill
sha256:f5c10d7a2f2fa7540612cd37b8c1d95409d646efec55e9ff024d5bddc66825c3,m3_current_single_edge_v1,"[30.0, 15.0, 7.5]","[0.0, 0.0, 0.0]","[0.0, 0.0]",True,True,eligible_within_tested_discretization,0.1,qinling_mountain
sha256:f5c10d7a2f2fa7540612cd37b8c1d95409d646efec55e9ff024d5bddc66825c3,reference_multi_edge_deygout_v1,"[30.0, 15.0, 7.5]","[0.0, 0.0, 0.0]","[0.0, 0.0]",True,True,eligible_within_tested_discretization,0.1,qinling_mountain
sha256:f5c10d7a2f2fa7540612cd37b8c1d95409d646efec55e9ff024d5bddc66825c3,sky_horizon_outline_v1,"[30.0, 15.0, 7.5]","[null, null, null]","[null, null]",True,True,not_attenuation_reference,0.1,qinling_mountain
sha256:f62c678f24c7bc7bc828d129dafce6a127d8237fe49ff4db2305a2e62bef4533,m3_current_single_edge_v1,"[30.0, 15.0, 7.5]","[53.44803944776514, 53.44803944776514, 53.44803944776514]","[0.0, 0.0]",True,True,eligible_within_tested_discretization,0.1,qinling_mountain
sha256:f62c678f24c7bc7bc828d129dafce6a127d8237fe49ff4db2305a2e62bef4533,reference_multi_edge_deygout_v1,"[30.0, 15.0, 7.5]","[139.83579743367767, 139.83579743367767, 139.83579743367767]","[0.0, 0.0]",True,True,eligible_within_tested_discretization,0.1,qinling_mountain
sha256:f62c678f24c7bc7bc828d129dafce6a127d8237fe49ff4db2305a2e62bef4533,sky_horizon_outline_v1,"[30.0, 15.0, 7.5]","[null, null, null]","[null, null]",True,True,not_attenuation_reference,0.1,qinling_mountain
sha256:f63ef9485408f56ddf9d81c8ee2f15a103fc86b1158fca7b9166522c247fce72,m3_current_single_edge_v1,"[10.0, 5.0, 2.5]","[null, null, null]","[null, null]",False,True,unavailable,0.1,double_ridge
sha256:f63ef9485408f56ddf9d81c8ee2f15a103fc86b1158fca7b9166522c247fce72,reference_multi_edge_deygout_v1,"[10.0, 5.0, 2.5]","[null, null, null]","[null, null]",False,True,unavailable,0.1,double_ridge
sha256:f63ef9485408f56ddf9d81c8ee2f15a103fc86b1158fca7b9166522c247fce72,sky_horizon_outline_v1,"[10.0, 5.0, 2.5]","[null, null, null]","[null, null]",False,True,not_attenuation_reference,0.1,double_ridge
sha256:f6bbc895a656b48c0911c524c655847056e1114c91b89a576100b9cc278bf3e7,m3_current_single_edge_v1,"[10.0, 5.0, 2.5]","[0.0, 0.0, 0.0]","[0.0, 0.0]",True,True,eligible_within_tested_discretization,0.1,flat
sha256:f6bbc895a656b48c0911c524c655847056e1114c91b89a576100b9cc278bf3e7,reference_multi_edge_deygout_v1,"[10.0, 5.0, 2.5]","[0.0, 0.0, 0.0]","[0.0, 0.0]",True,True,eligible_within_tested_discretization,0.1,flat
sha256:f6bbc895a656b48c0911c524c655847056e1114c91b89a576100b9cc278bf3e7,sky_horizon_outline_v1,"[10.0, 5.0, 2.5]","[null, null, null]","[null, null]",True,True,not_attenuation_reference,0.1,flat
sha256:f6c2f5e81b268b2c385e6a829fe20745f75706c46e80071b8ad31654e6cace83,m3_current_single_edge_v1,"[10.0, 5.0, 2.5]","[0.0, 0.0, 0.0]","[0.0, 0.0]",True,True,eligible_within_tested_discretization,0.1,single_ridge
sha256:f6c2f5e81b268b2c385e6a829fe20745f75706c46e80071b8ad31654e6cace83,reference_multi_edge_deygout_v1,"[10.0, 5.0, 2.5]","[0.0, 0.0, 0.0]","[0.0, 0.0]",True,True,eligible_within_tested_discretization,0.1,single_ridge
sha256:f6c2f5e81b268b2c385e6a829fe20745f75706c46e80071b8ad31654e6cace83,sky_horizon_outline_v1,"[10.0, 5.0, 2.5]","[null, null, null]","[null, null]",True,True,not_attenuation_reference,0.1,single_ridge
sha256:f832a3da579ccd0a11999e28ee563e9b8260b90c0322c3eea8c15d32cf596a46,m3_current_single_edge_v1,"[10.0, 5.0, 2.5]","[0.0, 0.0, 0.0]","[0.0, 0.0]",True,True,eligible_within_tested_discretization,0.1,flat
sha256:f832a3da579ccd0a11999e28ee563e9b8260b90c0322c3eea8c15d32cf596a46,reference_multi_edge_deygout_v1,"[10.0, 5.0, 2.5]","[0.0, 0.0, 0.0]","[0.0, 0.0]",True,True,eligible_within_tested_discretization,0.1,flat
sha256:f832a3da579ccd0a11999e28ee563e9b8260b90c0322c3eea8c15d32cf596a46,sky_horizon_outline_v1,"[10.0, 5.0, 2.5]","[null, null, null]","[null, null]",True,True,not_attenuation_reference,0.1,flat
sha256:f9a5a3559667e1d2c2ff842c7c866cce2768d18718425c846e74fb0c043f3653,m3_current_single_edge_v1,"[10.0, 5.0, 2.5]","[54.947704665698005, 54.947704665698005, 54.947704665698005]","[0.0, 0.0]",True,True,eligible_within_tested_discretization,0.1,deep_ridge
sha256:f9a5a3559667e1d2c2ff842c7c866cce2768d18718425c846e74fb0c043f3653,reference_multi_edge_deygout_v1,"[10.0, 5.0, 2.5]","[59.822424296721465, 60.15888376676727, 60.39832953394914]","[0.3364594700458028, 0.23944576718186994]",True,False,unverified,0.1,deep_ridge
sha256:f9a5a3559667e1d2c2ff842c7c866cce2768d18718425c846e74fb0c043f3653,sky_horizon_outline_v1,"[10.0, 5.0, 2.5]","[null, null, null]","[null, null]",True,True,not_attenuation_reference,0.1,deep_ridge
sha256:fa928fbc0614216e4288c6cca8acd3a18acdf0aeca5dbf1432ebf563efb29086,m3_current_single_edge_v1,"[10.0, 5.0, 2.5]","[65.0498823536574, 65.0498823536574, 65.0498823536574]","[0.0, 0.0]",True,True,eligible_within_tested_discretization,0.1,deep_ridge
sha256:fa928fbc0614216e4288c6cca8acd3a18acdf0aeca5dbf1432ebf563efb29086,reference_multi_edge_deygout_v1,"[10.0, 5.0, 2.5]","[65.0498823536574, 65.0498823536574, 65.0498823536574]","[0.0, 0.0]",True,True,eligible_within_tested_discretization,0.1,deep_ridge
sha256:fa928fbc0614216e4288c6cca8acd3a18acdf0aeca5dbf1432ebf563efb29086,sky_horizon_outline_v1,"[10.0, 5.0, 2.5]","[null, null, null]","[null, null]",True,True,not_attenuation_reference,0.1,deep_ridge
sha256:fb11dbc8619cb2709a412fdd19954eeba0540cd3832ea66332005781a1ed24d6,m3_current_single_edge_v1,"[10.0, 5.0, 2.5]","[0.0, 0.0, 0.0]","[0.0, 0.0]",True,True,eligible_within_tested_discretization,0.1,single_ridge
sha256:fb11dbc8619cb2709a412fdd19954eeba0540cd3832ea66332005781a1ed24d6,reference_multi_edge_deygout_v1,"[10.0, 5.0, 2.5]","[0.0, 0.0, 0.0]","[0.0, 0.0]",True,True,eligible_within_tested_discretization,0.1,single_ridge
sha256:fb11dbc8619cb2709a412fdd19954eeba0540cd3832ea66332005781a1ed24d6,sky_horizon_outline_v1,"[10.0, 5.0, 2.5]","[null, null, null]","[null, null]",True,True,not_attenuation_reference,0.1,single_ridge
sha256:fc8f2baa51af20b25fda2706441a204c43d7105981681ba2bc71858a009455f1,m3_current_single_edge_v1,"[30.0, 15.0, 7.5]","[50.245567808469865, 50.245567808469865, 50.245567808469865]","[0.0, 0.0]",True,True,eligible_within_tested_discretization,0.1,qinling_mountain
sha256:fc8f2baa51af20b25fda2706441a204c43d7105981681ba2bc71858a009455f1,reference_multi_edge_deygout_v1,"[30.0, 15.0, 7.5]","[136.82473671140662, 137.61690357377415, 139.0201936148568]","[0.7921668623675373, 1.4032900410826414]",True,True,unverified,0.1,qinling_mountain
sha256:fc8f2baa51af20b25fda2706441a204c43d7105981681ba2bc71858a009455f1,sky_horizon_outline_v1,"[30.0, 15.0, 7.5]","[null, null, null]","[null, null]",True,True,not_attenuation_reference,0.1,qinling_mountain
sha256:fd236a9c8086e4f8cae5d34acd5495c19cd12555406c6f04eb5cb5d41e778322,m3_current_single_edge_v1,"[10.0, 5.0, 2.5]","[0.0, 0.0, 0.0]","[0.0, 0.0]",True,True,eligible_within_tested_discretization,0.1,deep_ridge
sha256:fd236a9c8086e4f8cae5d34acd5495c19cd12555406c6f04eb5cb5d41e778322,reference_multi_edge_deygout_v1,"[10.0, 5.0, 2.5]","[0.0, 0.0, 0.0]","[0.0, 0.0]",True,True,eligible_within_tested_discretization,0.1,deep_ridge
sha256:fd236a9c8086e4f8cae5d34acd5495c19cd12555406c6f04eb5cb5d41e778322,sky_horizon_outline_v1,"[10.0, 5.0, 2.5]","[null, null, null]","[null, null]",True,True,not_attenuation_reference,0.1,deep_ridge
sha256:fdc5234f8192a123a110e07b8f7a3e896f933951dd0032a914c825721329bccf,m3_current_single_edge_v1,"[10.0, 5.0, 2.5]","[0.0, 0.0, 0.0]","[0.0, 0.0]",True,True,eligible_within_tested_discretization,0.1,double_ridge
sha256:fdc5234f8192a123a110e07b8f7a3e896f933951dd0032a914c825721329bccf,reference_multi_edge_deygout_v1,"[10.0, 5.0, 2.5]","[0.0, 0.0, 0.0]","[0.0, 0.0]",True,True,eligible_within_tested_discretization,0.1,double_ridge
sha256:fdc5234f8192a123a110e07b8f7a3e896f933951dd0032a914c825721329bccf,sky_horizon_outline_v1,"[10.0, 5.0, 2.5]","[null, null, null]","[null, null]",True,True,not_attenuation_reference,0.1,double_ridge
sha256:fe6b401a2b3db9e231200b8f661dc12736ee454842c5e0326cfe2bd3a1f91915,m3_current_single_edge_v1,"[30.0, 15.0, 7.5]","[0.0, 0.0, 0.0]","[0.0, 0.0]",True,True,eligible_within_tested_discretization,0.1,qinling_foothill
sha256:fe6b401a2b3db9e231200b8f661dc12736ee454842c5e0326cfe2bd3a1f91915,reference_multi_edge_deygout_v1,"[30.0, 15.0, 7.5]","[0.0, 0.0, 0.0]","[0.0, 0.0]",True,True,eligible_within_tested_discretization,0.1,qinling_foothill
sha256:fe6b401a2b3db9e231200b8f661dc12736ee454842c5e0326cfe2bd3a1f91915,sky_horizon_outline_v1,"[30.0, 15.0, 7.5]","[null, null, null]","[null, null]",True,True,not_attenuation_reference,0.1,qinling_foothill
sha256:fff8ee0286c20a0c11d33668935f20ad637a71e07e537b80384f1601c56fec2b,m3_current_single_edge_v1,"[10.0, 5.0, 2.5]","[0.0, 0.0, 0.0]","[0.0, 0.0]",True,True,eligible_within_tested_discretization,0.1,deep_ridge
sha256:fff8ee0286c20a0c11d33668935f20ad637a71e07e537b80384f1601c56fec2b,reference_multi_edge_deygout_v1,"[10.0, 5.0, 2.5]","[0.0, 0.0, 0.0]","[0.0, 0.0]",True,True,eligible_within_tested_discretization,0.1,deep_ridge
sha256:fff8ee0286c20a0c11d33668935f20ad637a71e07e537b80384f1601c56fec2b,sky_horizon_outline_v1,"[10.0, 5.0, 2.5]","[null, null, null]","[null, null]",True,True,not_attenuation_reference,0.1,deep_ridge
